{"credit":"Made with Blockbench","texture_size":[128,128],"textures":{"0":"item/custom1/sand_chest","particle":"item/custom1/sand_chest"},"elements":[{"from":[1,2,12],"to":[3,11,14],"rotation":{"angle":0,"axis":"y","origin":[1,9,12]},"faces":{"north":{"uv":[2.5,5,2.75,6.125],"texture":"#0"},"east":{"uv":[2.75,5,3,6.125],"texture":"#0"},"south":{"uv":[0,5.5,0.25,6.625],"texture":"#0"},"west":{"uv":[5.5,0,5.75,1.125],"texture":"#0"},"up":{"uv":[0.25,7.5,0,7.25],"texture":"#0"},"down":{"uv":[7.5,0,7.25,0.25],"texture":"#0"}}},{"from":[4,2,1],"to":[12,4,3],"rotation":{"angle":0,"axis":"y","origin":[12,2,1]},"faces":{"north":{"uv":[5,4.25,6,4.5],"texture":"#0"},"east":{"uv":[0.25,7.25,0.5,7.5],"texture":"#0"},"south":{"uv":[5,4.5,6,4.75],"texture":"#0"},"west":{"uv":[7.25,0.25,7.5,0.5],"texture":"#0"},"up":{"uv":[6.5,2.5,5.5,2.25],"texture":"#0"},"down":{"uv":[7.25,0,6.25,0.25],"texture":"#0"}}},{"from":[13,2,4],"to":[15,4,12],"rotation":{"angle":0,"axis":"y","origin":[13,2,4]},"faces":{"north":{"uv":[0.5,7.25,0.75,7.5],"texture":"#0"},"east":{"uv":[6.25,0.25,7.25,0.5],"texture":"#0"},"south":{"uv":[7.25,0.5,7.5,0.75],"texture":"#0"},"west":{"uv":[6.25,0.5,7.25,0.75],"texture":"#0"},"up":{"uv":[1.75,4,1.5,3],"texture":"#0"},"down":{"uv":[2.75,6.125,2.5,7.125],"texture":"#0"}}},{"from":[2,3,2],"to":[14,11,14],"rotation":{"angle":0,"axis":"y","origin":[12,2,2]},"faces":{"north":{"uv":[1.5,4,3,5],"texture":"#0"},"east":{"uv":[0,4.5,1.5,5.5],"texture":"#0"},"south":{"uv":[3,4.75,4.5,5.75],"texture":"#0"},"west":{"uv":[4.5,4.75,6,5.75],"texture":"#0"},"up":{"uv":[3.25,4,1.75,2.5],"texture":"#0"},"down":{"uv":[1.5,3,0,4.5],"texture":"#0"}}},{"from":[1,2,4],"to":[3,4,12],"rotation":{"angle":0,"axis":"y","origin":[1,2,4]},"faces":{"north":{"uv":[0.75,7.25,1,7.5],"texture":"#0"},"east":{"uv":[6.25,0.75,7.25,1],"texture":"#0"},"south":{"uv":[7.25,0.75,7.5,1],"texture":"#0"},"west":{"uv":[6.25,1,7.25,1.25],"texture":"#0"},"up":{"uv":[3,7.125,2.75,6.125],"texture":"#0"},"down":{"uv":[6.5,1.25,6.25,2.25],"texture":"#0"}}},{"from":[4,2,13],"to":[12,4,15],"rotation":{"angle":0,"axis":"y","origin":[4,2,13]},"faces":{"north":{"uv":[6.25,3.25,7.25,3.5],"texture":"#0"},"east":{"uv":[7.25,1,7.5,1.25],"texture":"#0"},"south":{"uv":[6.25,3.5,7.25,3.75],"texture":"#0"},"west":{"uv":[7.25,3.25,7.5,3.5],"texture":"#0"},"up":{"uv":[7.25,4,6.25,3.75],"texture":"#0"},"down":{"uv":[7.25,4,6.25,4.25],"texture":"#0"}}},{"from":[13,2,2],"to":[15,11,4],"rotation":{"angle":0,"axis":"y","origin":[13,9,2]},"faces":{"north":{"uv":[0.25,5.5,0.5,6.625],"texture":"#0"},"east":{"uv":[0.5,5.5,0.75,6.625],"texture":"#0"},"south":{"uv":[0.75,5.5,1,6.625],"texture":"#0"},"west":{"uv":[1,5.5,1.25,6.625],"texture":"#0"},"up":{"uv":[7.5,3.75,7.25,3.5],"texture":"#0"},"down":{"uv":[7.5,3.75,7.25,4],"texture":"#0"}}},{"from":[12,2,1],"to":[14,11,3],"rotation":{"angle":0,"axis":"y","origin":[12,9,1]},"faces":{"north":{"uv":[5.5,1.125,5.75,2.25],"texture":"#0"},"east":{"uv":[1.25,5.5,1.5,6.625],"texture":"#0"},"south":{"uv":[5.75,0,6,1.125],"texture":"#0"},"west":{"uv":[5.75,1.125,6,2.25],"texture":"#0"},"up":{"uv":[7.5,4.25,7.25,4],"texture":"#0"},"down":{"uv":[7.5,4.25,7.25,4.5],"texture":"#0"}}},{"from":[1,2,2],"to":[3,11,4],"rotation":{"angle":0,"axis":"y","origin":[1,9,2]},"faces":{"north":{"uv":[3,5.75,3.25,6.875],"texture":"#0"},"east":{"uv":[3.25,5.75,3.5,6.875],"texture":"#0"},"south":{"uv":[3.5,5.75,3.75,6.875],"texture":"#0"},"west":{"uv":[3.75,5.75,4,6.875],"texture":"#0"},"up":{"uv":[7.5,4.75,7.25,4.5],"texture":"#0"},"down":{"uv":[6.5,7.25,6.25,7.5],"texture":"#0"}}},{"from":[13,2,12],"to":[15,11,14],"rotation":{"angle":0,"axis":"y","origin":[13,9,12]},"faces":{"north":{"uv":[4,5.75,4.25,6.875],"texture":"#0"},"east":{"uv":[4.25,5.75,4.5,6.875],"texture":"#0"},"south":{"uv":[4.5,5.75,4.75,6.875],"texture":"#0"},"west":{"uv":[4.75,5.75,5,6.875],"texture":"#0"},"up":{"uv":[7.5,6.5,7.25,6.25],"texture":"#0"},"down":{"uv":[6.75,7.25,6.5,7.5],"texture":"#0"}}},{"from":[2,2,1],"to":[4,11,3],"rotation":{"angle":0,"axis":"y","origin":[2,9,1]},"faces":{"north":{"uv":[5,5.75,5.25,6.875],"texture":"#0"},"east":{"uv":[5.25,5.75,5.5,6.875],"texture":"#0"},"south":{"uv":[5.5,5.75,5.75,6.875],"texture":"#0"},"west":{"uv":[5.75,5.75,6,6.875],"texture":"#0"},"up":{"uv":[7.5,6.75,7.25,6.5],"texture":"#0"},"down":{"uv":[7,7.25,6.75,7.5],"texture":"#0"}}},{"from":[12,2,13],"to":[14,11,15],"rotation":{"angle":0,"axis":"y","origin":[12,9,13]},"faces":{"north":{"uv":[6,0,6.25,1.125],"texture":"#0"},"east":{"uv":[6,1.125,6.25,2.25],"texture":"#0"},"south":{"uv":[1.5,6,1.75,7.125],"texture":"#0"},"west":{"uv":[1.75,6,2,7.125],"texture":"#0"},"up":{"uv":[7.5,7,7.25,6.75],"texture":"#0"},"down":{"uv":[7.25,7.25,7,7.5],"texture":"#0"}}},{"from":[2,2,13],"to":[4,11,15],"rotation":{"angle":0,"axis":"y","origin":[2,9,13]},"faces":{"north":{"uv":[2,6,2.25,7.125],"texture":"#0"},"east":{"uv":[2.25,6,2.5,7.125],"texture":"#0"},"south":{"uv":[6,4.25,6.25,5.375],"texture":"#0"},"west":{"uv":[6,5.375,6.25,6.5],"texture":"#0"},"up":{"uv":[7.5,7.25,7.25,7],"texture":"#0"},"down":{"uv":[7.5,7.25,7.25,7.5],"texture":"#0"}}},{"from":[13,11,1],"to":[15,14,3],"rotation":{"angle":0,"axis":"y","origin":[13,11,1]},"faces":{"north":{"uv":[3,4,3.25,4.375],"texture":"#0"},"east":{"uv":[3,4.375,3.25,4.75],"texture":"#0"},"south":{"uv":[1.25,6.625,1.5,7],"texture":"#0"},"west":{"uv":[2.25,7.125,2.5,7.5],"texture":"#0"},"up":{"uv":[1.5,7.625,1.25,7.375],"texture":"#0"},"down":{"uv":[1.75,7.375,1.5,7.625],"texture":"#0"}}},{"from":[13,14,2],"to":[15,16,4],"rotation":{"angle":0,"axis":"y","origin":[13,14,2]},"faces":{"north":{"uv":[1.75,7.375,2,7.625],"texture":"#0"},"east":{"uv":[2,7.375,2.25,7.625],"texture":"#0"},"south":{"uv":[0,7.5,0.25,7.75],"texture":"#0"},"west":{"uv":[7.5,0,7.75,0.25],"texture":"#0"},"up":{"uv":[0.5,7.75,0.25,7.5],"texture":"#0"},"down":{"uv":[7.75,0.25,7.5,0.5],"texture":"#0"}}},{"from":[13,15,4],"to":[15,17,12],"rotation":{"angle":0,"axis":"y","origin":[13,15,4]},"faces":{"north":{"uv":[0.5,7.5,0.75,7.75],"texture":"#0"},"east":{"uv":[6.25,4.25,7.25,4.5],"texture":"#0"},"south":{"uv":[7.5,0.5,7.75,0.75],"texture":"#0"},"west":{"uv":[6.25,4.5,7.25,4.75],"texture":"#0"},"up":{"uv":[6.5,5.75,6.25,4.75],"texture":"#0"},"down":{"uv":[6.5,5.75,6.25,6.75],"texture":"#0"}}},{"from":[0,11,13],"to":[1,14,14],"rotation":{"angle":0,"axis":"y","origin":[-1,11,13]},"faces":{"north":{"uv":[7,7.5,7.125,7.875],"texture":"#0"},"east":{"uv":[7.5,7,7.625,7.375],"texture":"#0"},"south":{"uv":[7.125,7.5,7.25,7.875],"texture":"#0"},"west":{"uv":[7.25,7.5,7.375,7.875],"texture":"#0"},"up":{"uv":[1,7.875,0.875,7.75],"texture":"#0"},"down":{"uv":[7.875,1.375,7.75,1.5],"texture":"#0"}}},{"from":[13,14,12],"to":[15,16,14],"rotation":{"angle":0,"axis":"y","origin":[13,14,12]},"faces":{"north":{"uv":[0.75,7.5,1,7.75],"texture":"#0"},"east":{"uv":[7.5,0.75,7.75,1],"texture":"#0"},"south":{"uv":[7.5,1,7.75,1.25],"texture":"#0"},"west":{"uv":[7.5,1.25,7.75,1.5],"texture":"#0"},"up":{"uv":[7.75,1.75,7.5,1.5],"texture":"#0"},"down":{"uv":[7.75,1.75,7.5,2],"texture":"#0"}}},{"from":[0,11,2],"to":[1,14,3],"rotation":{"angle":0,"axis":"y","origin":[-1,11,1]},"faces":{"north":{"uv":[7.375,7.5,7.5,7.875],"texture":"#0"},"east":{"uv":[7.5,7.375,7.625,7.75],"texture":"#0"},"south":{"uv":[1,7.625,1.125,8],"texture":"#0"},"west":{"uv":[1.125,7.625,1.25,8],"texture":"#0"},"up":{"uv":[7.875,1.625,7.75,1.5],"texture":"#0"},"down":{"uv":[7.875,1.625,7.75,1.75],"texture":"#0"}}},{"from":[0,15,4],"to":[1,16,12],"rotation":{"angle":0,"axis":"y","origin":[-1,15,4]},"faces":{"north":{"uv":[7.75,1.75,7.875,1.875],"texture":"#0"},"east":{"uv":[6.75,5.5,7.75,5.625],"texture":"#0"},"south":{"uv":[7.75,1.875,7.875,2],"texture":"#0"},"west":{"uv":[6.75,5.625,7.75,5.75],"texture":"#0"},"up":{"uv":[6.125,7.5,6,6.5],"texture":"#0"},"down":{"uv":[6.25,6.5,6.125,7.5],"texture":"#0"}}},{"from":[13,11,13],"to":[15,14,15],"rotation":{"angle":0,"axis":"y","origin":[13,11,13]},"faces":{"north":{"uv":[2.5,7.125,2.75,7.5],"texture":"#0"},"east":{"uv":[2.75,7.125,3,7.5],"texture":"#0"},"south":{"uv":[3,7.125,3.25,7.5],"texture":"#0"},"west":{"uv":[3.25,7.125,3.5,7.5],"texture":"#0"},"up":{"uv":[7.75,2.25,7.5,2],"texture":"#0"},"down":{"uv":[2.5,7.5,2.25,7.75],"texture":"#0"}}},{"from":[0,14,12],"to":[1,15,13],"rotation":{"angle":0,"axis":"y","origin":[-1,12,12]},"faces":{"north":{"uv":[7.75,2,7.875,2.125],"texture":"#0"},"east":{"uv":[7.75,2.125,7.875,2.25],"texture":"#0"},"south":{"uv":[2.25,7.75,2.375,7.875],"texture":"#0"},"west":{"uv":[2.375,7.75,2.5,7.875],"texture":"#0"},"up":{"uv":[2.625,7.875,2.5,7.75],"texture":"#0"},"down":{"uv":[2.75,7.75,2.625,7.875],"texture":"#0"}}},{"from":[0,14,3],"to":[1,15,4],"rotation":{"angle":0,"axis":"y","origin":[-1,12,3]},"faces":{"north":{"uv":[2.75,7.75,2.875,7.875],"texture":"#0"},"east":{"uv":[2.875,7.75,3,7.875],"texture":"#0"},"south":{"uv":[3,7.75,3.125,7.875],"texture":"#0"},"west":{"uv":[3.125,7.75,3.25,7.875],"texture":"#0"},"up":{"uv":[3.375,7.875,3.25,7.75],"texture":"#0"},"down":{"uv":[7.875,3.25,7.75,3.375],"texture":"#0"}}},{"from":[1,14,2],"to":[3,16,4],"rotation":{"angle":0,"axis":"y","origin":[1,14,2]},"faces":{"north":{"uv":[2.5,7.5,2.75,7.75],"texture":"#0"},"east":{"uv":[2.75,7.5,3,7.75],"texture":"#0"},"south":{"uv":[3,7.5,3.25,7.75],"texture":"#0"},"west":{"uv":[3.25,7.5,3.5,7.75],"texture":"#0"},"up":{"uv":[7.75,3.5,7.5,3.25],"texture":"#0"},"down":{"uv":[3.75,7.5,3.5,7.75],"texture":"#0"}}},{"from":[1,15,4],"to":[3,17,12],"rotation":{"angle":0,"axis":"y","origin":[1,15,4]},"faces":{"north":{"uv":[7.5,3.5,7.75,3.75],"texture":"#0"},"east":{"uv":[6.5,1.25,7.5,1.5],"texture":"#0"},"south":{"uv":[3.75,7.5,4,7.75],"texture":"#0"},"west":{"uv":[6.5,1.5,7.5,1.75],"texture":"#0"},"up":{"uv":[6.75,5.75,6.5,4.75],"texture":"#0"},"down":{"uv":[6.75,5.75,6.5,6.75],"texture":"#0"}}},{"from":[1,11,1],"to":[3,14,3],"rotation":{"angle":0,"axis":"y","origin":[1,11,1]},"faces":{"north":{"uv":[3.5,7.125,3.75,7.5],"texture":"#0"},"east":{"uv":[3.75,7.125,4,7.5],"texture":"#0"},"south":{"uv":[4,7.125,4.25,7.5],"texture":"#0"},"west":{"uv":[4.25,7.125,4.5,7.5],"texture":"#0"},"up":{"uv":[7.75,4,7.5,3.75],"texture":"#0"},"down":{"uv":[4.25,7.5,4,7.75],"texture":"#0"}}},{"from":[1,11,13],"to":[3,14,15],"rotation":{"angle":0,"axis":"y","origin":[1,11,13]},"faces":{"north":{"uv":[4.5,7.125,4.75,7.5],"texture":"#0"},"east":{"uv":[4.75,7.125,5,7.5],"texture":"#0"},"south":{"uv":[5,7.125,5.25,7.5],"texture":"#0"},"west":{"uv":[5.25,7.125,5.5,7.5],"texture":"#0"},"up":{"uv":[7.75,4.25,7.5,4],"texture":"#0"},"down":{"uv":[4.5,7.5,4.25,7.75],"texture":"#0"}}},{"from":[1,14,12],"to":[3,16,14],"rotation":{"angle":0,"axis":"y","origin":[1,14,12]},"faces":{"north":{"uv":[7.5,4.25,7.75,4.5],"texture":"#0"},"east":{"uv":[4.5,7.5,4.75,7.75],"texture":"#0"},"south":{"uv":[7.5,4.5,7.75,4.75],"texture":"#0"},"west":{"uv":[4.75,7.5,5,7.75],"texture":"#0"},"up":{"uv":[5.25,7.75,5,7.5],"texture":"#0"},"down":{"uv":[5.5,7.5,5.25,7.75],"texture":"#0"}}},{"from":[15,11,13],"to":[16,14,14],"rotation":{"angle":0,"axis":"y","origin":[14,11,13]},"faces":{"north":{"uv":[1.25,7.625,1.375,8],"texture":"#0"},"east":{"uv":[1.375,7.625,1.5,8],"texture":"#0"},"south":{"uv":[1.5,7.625,1.625,8],"texture":"#0"},"west":{"uv":[1.625,7.625,1.75,8],"texture":"#0"},"up":{"uv":[3.5,7.875,3.375,7.75],"texture":"#0"},"down":{"uv":[7.875,3.375,7.75,3.5],"texture":"#0"}}},{"from":[15,14,12],"to":[16,15,13],"rotation":{"angle":0,"axis":"y","origin":[14,12,12]},"faces":{"north":{"uv":[3.5,7.75,3.625,7.875],"texture":"#0"},"east":{"uv":[7.75,3.5,7.875,3.625],"texture":"#0"},"south":{"uv":[3.625,7.75,3.75,7.875],"texture":"#0"},"west":{"uv":[7.75,3.625,7.875,3.75],"texture":"#0"},"up":{"uv":[3.875,7.875,3.75,7.75],"texture":"#0"},"down":{"uv":[7.875,3.75,7.75,3.875],"texture":"#0"}}},{"from":[15,15,4],"to":[16,16,12],"rotation":{"angle":0,"axis":"y","origin":[14,15,4]},"faces":{"north":{"uv":[3.875,7.75,4,7.875],"texture":"#0"},"east":{"uv":[6.75,5.75,7.75,5.875],"texture":"#0"},"south":{"uv":[7.75,3.875,7.875,4],"texture":"#0"},"west":{"uv":[6.75,5.875,7.75,6],"texture":"#0"},"up":{"uv":[1.125,7.625,1,6.625],"texture":"#0"},"down":{"uv":[1.25,6.625,1.125,7.625],"texture":"#0"}}},{"from":[15,14,3],"to":[16,15,4],"rotation":{"angle":0,"axis":"y","origin":[14,12,3]},"faces":{"north":{"uv":[4,7.75,4.125,7.875],"texture":"#0"},"east":{"uv":[7.75,4,7.875,4.125],"texture":"#0"},"south":{"uv":[4.125,7.75,4.25,7.875],"texture":"#0"},"west":{"uv":[7.75,4.125,7.875,4.25],"texture":"#0"},"up":{"uv":[4.375,7.875,4.25,7.75],"texture":"#0"},"down":{"uv":[7.875,4.25,7.75,4.375],"texture":"#0"}}},{"from":[15,11,2],"to":[16,14,3],"rotation":{"angle":0,"axis":"y","origin":[14,11,1]},"faces":{"north":{"uv":[1.75,7.625,1.875,8],"texture":"#0"},"east":{"uv":[1.875,7.625,2,8],"texture":"#0"},"south":{"uv":[2,7.625,2.125,8],"texture":"#0"},"west":{"uv":[2.125,7.625,2.25,8],"texture":"#0"},"up":{"uv":[4.5,7.875,4.375,7.75],"texture":"#0"},"down":{"uv":[7.875,4.375,7.75,4.5],"texture":"#0"}}},{"from":[1,15,4],"to":[15,16,12],"rotation":{"angle":0,"axis":"y","origin":[12,13,2]},"faces":{"north":{"uv":[6.5,2.75,8.25,2.875],"texture":"#0"},"east":{"uv":[6.75,6,7.75,6.125],"texture":"#0"},"south":{"uv":[6.5,2.875,8.25,3],"texture":"#0"},"west":{"uv":[6.75,6.125,7.75,6.25],"texture":"#0"},"up":{"uv":[5.5,2.25,3.75,1.25],"texture":"#0"},"down":{"uv":[5,3.75,3.25,4.75],"texture":"#0"}}},{"from":[1,14,3],"to":[15,15,13],"rotation":{"angle":0,"axis":"y","origin":[12,13,2]},"faces":{"north":{"uv":[6.5,3,8.25,3.125],"texture":"#0"},"east":{"uv":[6.75,2.5,8,2.625],"texture":"#0"},"south":{"uv":[6.5,3.125,8.25,3.25],"texture":"#0"},"west":{"uv":[6.75,2.625,8,2.75],"texture":"#0"},"up":{"uv":[5,3.75,3.25,2.5],"texture":"#0"},"down":{"uv":[5.5,0,3.75,1.25],"texture":"#0"}}},{"from":[3,11,1],"to":[13,13,2],"rotation":{"angle":0,"axis":"y","origin":[11,11,1]},"faces":{"north":{"uv":[5,3.25,6.25,3.5],"texture":"#0"},"east":{"uv":[0.5,7.75,0.625,8],"texture":"#0"},"south":{"uv":[5,3.5,6.25,3.75],"texture":"#0"},"west":{"uv":[0.625,7.75,0.75,8],"texture":"#0"},"up":{"uv":[8,4.875,6.75,4.75],"texture":"#0"},"down":{"uv":[8,4.875,6.75,5],"texture":"#0"}}},{"from":[3,11,14],"to":[13,13,15],"rotation":{"angle":0,"axis":"y","origin":[11,11,14]},"faces":{"north":{"uv":[5,3.75,6.25,4],"texture":"#0"},"east":{"uv":[0.75,7.75,0.875,8],"texture":"#0"},"south":{"uv":[5,4,6.25,4.25],"texture":"#0"},"west":{"uv":[7.75,0.75,7.875,1],"texture":"#0"},"up":{"uv":[8,5.125,6.75,5],"texture":"#0"},"down":{"uv":[8,5.125,6.75,5.25],"texture":"#0"}}},{"from":[6,13,1],"to":[10,14,3],"rotation":{"angle":0,"axis":"y","origin":[7,11,1]},"faces":{"north":{"uv":[5.5,7.5,6,7.625],"texture":"#0"},"east":{"uv":[1.25,7,1.5,7.125],"texture":"#0"},"south":{"uv":[6,7.5,6.5,7.625],"texture":"#0"},"west":{"uv":[7.75,1,8,1.125],"texture":"#0"},"up":{"uv":[6.75,7,6.25,6.75],"texture":"#0"},"down":{"uv":[7.25,6.25,6.75,6.5],"texture":"#0"}}},{"from":[6,14,2],"to":[10,16,4],"rotation":{"angle":0,"axis":"y","origin":[7,14,2]},"faces":{"north":{"uv":[6.75,6.5,7.25,6.75],"texture":"#0"},"east":{"uv":[7.5,6.25,7.75,6.5],"texture":"#0"},"south":{"uv":[6.75,6.75,7.25,7],"texture":"#0"},"west":{"uv":[6.5,7.5,6.75,7.75],"texture":"#0"},"up":{"uv":[3.5,7.125,3,6.875],"texture":"#0"},"down":{"uv":[4,6.875,3.5,7.125],"texture":"#0"}}},{"from":[6,15,4],"to":[10,17,12],"rotation":{"angle":0,"axis":"y","origin":[7,15,4]},"faces":{"north":{"uv":[4,6.875,4.5,7.125],"texture":"#0"},"east":{"uv":[6.5,1.75,7.5,2],"texture":"#0"},"south":{"uv":[4.5,6.875,5,7.125],"texture":"#0"},"west":{"uv":[6.5,2,7.5,2.25],"texture":"#0"},"up":{"uv":[2,6,1.5,5],"texture":"#0"},"down":{"uv":[2.5,5,2,6],"texture":"#0"}}},{"from":[6,14,12],"to":[10,16,14],"rotation":{"angle":0,"axis":"y","origin":[7,14,12]},"faces":{"north":{"uv":[5,6.875,5.5,7.125],"texture":"#0"},"east":{"uv":[7.5,6.5,7.75,6.75],"texture":"#0"},"south":{"uv":[5.5,6.875,6,7.125],"texture":"#0"},"west":{"uv":[6.75,7.5,7,7.75],"texture":"#0"},"up":{"uv":[0.5,7.25,0,7],"texture":"#0"},"down":{"uv":[1,7,0.5,7.25],"texture":"#0"}}},{"from":[6,13,13],"to":[10,14,15],"rotation":{"angle":0,"axis":"y","origin":[7,11,13]},"faces":{"north":{"uv":[7.5,6.75,8,6.875],"texture":"#0"},"east":{"uv":[7.75,1.125,8,1.25],"texture":"#0"},"south":{"uv":[7.5,6.875,8,7],"texture":"#0"},"west":{"uv":[7.75,1.25,8,1.375],"texture":"#0"},"up":{"uv":[6.75,7.25,6.25,7],"texture":"#0"},"down":{"uv":[7.25,7,6.75,7.25],"texture":"#0"}}},{"from":[1,12,2],"to":[15,14,14],"rotation":{"angle":0,"axis":"y","origin":[12,11,2]},"faces":{"north":{"uv":[3.75,2.25,5.5,2.5],"texture":"#0"},"east":{"uv":[5,2.75,6.5,3],"texture":"#0"},"south":{"uv":[5,2.5,6.75,2.75],"texture":"#0"},"west":{"uv":[5,3,6.5,3.25],"texture":"#0"},"up":{"uv":[1.75,1.5,0,0],"texture":"#0"},"down":{"uv":[1.75,1.5,0,3],"texture":"#0"}}},{"from":[0,11,3],"to":[16,12,13],"rotation":{"angle":0,"axis":"y","origin":[-1,11,12]},"faces":{"north":{"uv":[6.5,2.25,8.5,2.375],"texture":"#0"},"east":{"uv":[6.75,5.25,8,5.375],"texture":"#0"},"south":{"uv":[6.5,2.375,8.5,2.5],"texture":"#0"},"west":{"uv":[6.75,5.375,8,5.5],"texture":"#0"},"up":{"uv":[3.75,1.25,1.75,0],"texture":"#0"},"down":{"uv":[3.75,1.25,1.75,2.5],"texture":"#0"}}},{"from":[6,10,0],"to":[10,13,2],"rotation":{"angle":0,"axis":"y","origin":[11,11,0]},"faces":{"north":{"uv":[0,6.625,0.5,7],"texture":"#0"},"east":{"uv":[5.5,7.125,5.75,7.5],"texture":"#0"},"south":{"uv":[0.5,6.625,1,7],"texture":"#0"},"west":{"uv":[5.75,7.125,6,7.5],"texture":"#0"},"up":{"uv":[1.75,7.375,1.25,7.125],"texture":"#0"},"down":{"uv":[2.25,7.125,1.75,7.375],"texture":"#0"}}},{"from":[14,2,1],"to":[15,5,2],"rotation":{"angle":0,"axis":"y","origin":[13,9,1]},"faces":{"north":{"uv":[5.5,7.625,5.625,8],"texture":"#0"},"east":{"uv":[5.625,7.625,5.75,8],"texture":"#0"},"south":{"uv":[5.75,7.625,5.875,8],"texture":"#0"},"west":{"uv":[5.875,7.625,6,8],"texture":"#0"},"up":{"uv":[4.625,7.875,4.5,7.75],"texture":"#0"},"down":{"uv":[7.875,4.5,7.75,4.625],"texture":"#0"}}},{"from":[1,2,1],"to":[2,5,2],"rotation":{"angle":0,"axis":"y","origin":[0,9,1]},"faces":{"north":{"uv":[6,7.625,6.125,8],"texture":"#0"},"east":{"uv":[6.125,7.625,6.25,8],"texture":"#0"},"south":{"uv":[6.25,7.625,6.375,8],"texture":"#0"},"west":{"uv":[6.375,7.625,6.5,8],"texture":"#0"},"up":{"uv":[4.75,7.875,4.625,7.75],"texture":"#0"},"down":{"uv":[7.875,4.625,7.75,4.75],"texture":"#0"}}},{"from":[1,2,14],"to":[2,5,15],"rotation":{"angle":0,"axis":"y","origin":[0,9,14]},"faces":{"north":{"uv":[7.625,7,7.75,7.375],"texture":"#0"},"east":{"uv":[7.625,7.375,7.75,7.75],"texture":"#0"},"south":{"uv":[0,7.75,0.125,8.125],"texture":"#0"},"west":{"uv":[7.75,0,7.875,0.375],"texture":"#0"},"up":{"uv":[4.875,7.875,4.75,7.75],"texture":"#0"},"down":{"uv":[5,7.75,4.875,7.875],"texture":"#0"}}},{"from":[14,2,14],"to":[15,5,15],"rotation":{"angle":0,"axis":"y","origin":[13,9,14]},"faces":{"north":{"uv":[0.125,7.75,0.25,8.125],"texture":"#0"},"east":{"uv":[0.25,7.75,0.375,8.125],"texture":"#0"},"south":{"uv":[0.375,7.75,0.5,8.125],"texture":"#0"},"west":{"uv":[7.75,0.375,7.875,0.75],"texture":"#0"},"up":{"uv":[5.125,7.875,5,7.75],"texture":"#0"},"down":{"uv":[5.25,7.75,5.125,7.875],"texture":"#0"}}}],"display":{"thirdperson_righthand":{"translation":[0,2,0],"scale":[0.5,0.5,0.5]},"thirdperson_lefthand":{"translation":[0,2,0],"scale":[0.5,0.5,0.5]},"firstperson_righthand":{"translation":[0,2,0],"scale":[0.6,0.6,0.6]},"firstperson_lefthand":{"translation":[0,2,0],"scale":[0.6,0.6,0.6]},"ground":{"translation":[0,-0.5,0],"scale":[0.52,0.52,0.52]},"gui":{"rotation":[20,155,0],"translation":[0,-0.5,0],"scale":[0.71,0.71,0.71]},"fixed":{"rotation":[-90,0,0],"translation":[0,0,-80],"scale":[2.8,2.8,2.8]}},"groups":[{"name":"group","origin":[13,7,14],"color":0,"children":[0,1,2,3,4,5,6,7,8,9,10,11,12,13,14,15,16,17,18,19,20,21,22,23,24,25,26,27,28,29,30,31,32,33,34,35,36,37,38,39,40,41,42,43,44,45,46,47,48]}]}