{
	"format_version": "1.9.0",
	"texture_size": [128, 128],
	"textures": {
		"0": "item/chest/lootbox2",
		"particle": "item/chest/lootbox2"
	},
	"elements": [
		{
			"from": [0.5, 4, 13.5],
			"to": [2.5, 13, 15.5],
			"rotation": {"angle": 0, "axis": "y", "origin": [-13.5, 2, 13.5]},
			"faces": {
				"north": {"uv": [4.75, 6.25, 5, 7.375], "texture": "#0"},
				"east": {"uv": [5, 6.25, 5.25, 7.375], "texture": "#0"},
				"south": {"uv": [5.25, 6.25, 5.5, 7.375], "texture": "#0"},
				"west": {"uv": [5.5, 6.25, 5.75, 7.375], "texture": "#0"},
				"up": {"uv": [4, 6.75, 3.75, 6.5], "texture": "#0"},
				"down": {"uv": [6.875, 7.375, 6.625, 7.625], "texture": "#0"}
			}
		},
		{
			"from": [0, 0, 0],
			"to": [16, 2, 16],
			"faces": {
				"north": {"uv": [5.5, 1.5, 7.5, 1.75], "texture": "#0"},
				"east": {"uv": [3.5, 6, 5.5, 6.25], "texture": "#0"},
				"south": {"uv": [0, 6.25, 2, 6.5], "texture": "#0"},
				"west": {"uv": [2, 6.25, 4, 6.5], "texture": "#0"},
				"up": {"uv": [2, 2, 0, 0], "texture": "#0"},
				"down": {"uv": [2, 2, 0, 4], "texture": "#0"}
			}
		},
		{
			"from": [1, 10.25, 1],
			"to": [15, 14.25, 15],
			"rotation": {"angle": 0, "axis": "y", "origin": [0, 2.25, 0]},
			"faces": {
				"north": {"uv": [5.5, 1, 7.25, 1.5], "texture": "#0"},
				"east": {"uv": [5.5, 4.75, 7.25, 5.25], "texture": "#0"},
				"south": {"uv": [5.5, 5.25, 7.25, 5.75], "texture": "#0"},
				"west": {"uv": [5.5, 5.75, 7.25, 6.25], "texture": "#0"},
				"up": {"uv": [3.75, 1.75, 2, 0], "texture": "#0"},
				"down": {"uv": [3.75, 1.75, 2, 3.5], "texture": "#0"}
			}
		},
		{
			"from": [11, 14.25, 9],
			"to": [12, 15.25, 10],
			"rotation": {"angle": 0, "axis": "y", "origin": [0, 6.25, 8]},
			"faces": {
				"north": {"uv": [3.875, 7.375, 4, 7.5], "texture": "#0"},
				"east": {"uv": [7.75, 3.25, 7.875, 3.375], "texture": "#0"},
				"south": {"uv": [7.75, 3.375, 7.875, 3.5], "texture": "#0"},
				"west": {"uv": [7.75, 3.5, 7.875, 3.625], "texture": "#0"},
				"up": {"uv": [7.875, 3.75, 7.75, 3.625], "texture": "#0"},
				"down": {"uv": [7.875, 3.75, 7.75, 3.875], "texture": "#0"}
			}
		},
		{
			"from": [9, 14.25, 5],
			"to": [11, 15.25, 7],
			"rotation": {"angle": 0, "axis": "y", "origin": [-2, 6.25, 5]},
			"faces": {
				"north": {"uv": [3.75, 6.75, 4, 6.875], "texture": "#0"},
				"east": {"uv": [4.5, 7.5, 4.75, 7.625], "texture": "#0"},
				"south": {"uv": [7.625, 1.25, 7.875, 1.375], "texture": "#0"},
				"west": {"uv": [7.625, 1.375, 7.875, 1.5], "texture": "#0"},
				"up": {"uv": [7.75, 1.75, 7.5, 1.5], "texture": "#0"},
				"down": {"uv": [1.875, 7.5, 1.625, 7.75], "texture": "#0"}
			}
		},
		{
			"from": [5, 14.25, 10],
			"to": [6, 15.25, 11],
			"rotation": {"angle": 0, "axis": "y", "origin": [-7, 6.25, 10]},
			"faces": {
				"north": {"uv": [7.75, 3.875, 7.875, 4], "texture": "#0"},
				"east": {"uv": [7.75, 4, 7.875, 4.125], "texture": "#0"},
				"south": {"uv": [7.75, 4.125, 7.875, 4.25], "texture": "#0"},
				"west": {"uv": [7.75, 4.25, 7.875, 4.375], "texture": "#0"},
				"up": {"uv": [4.5, 7.875, 4.375, 7.75], "texture": "#0"},
				"down": {"uv": [7.875, 4.375, 7.75, 4.5], "texture": "#0"}
			}
		},
		{
			"from": [5, 15.25, 9],
			"to": [6, 16.25, 10],
			"rotation": {"angle": 0, "axis": "y", "origin": [-7, 7.25, 9]},
			"faces": {
				"north": {"uv": [4.5, 7.75, 4.625, 7.875], "texture": "#0"},
				"east": {"uv": [7.75, 4.5, 7.875, 4.625], "texture": "#0"},
				"south": {"uv": [4.625, 7.75, 4.75, 7.875], "texture": "#0"},
				"west": {"uv": [7.75, 4.625, 7.875, 4.75], "texture": "#0"},
				"up": {"uv": [4.875, 7.875, 4.75, 7.75], "texture": "#0"},
				"down": {"uv": [5, 7.75, 4.875, 7.875], "texture": "#0"}
			}
		},
		{
			"from": [5, 15.25, 11],
			"to": [6, 17.25, 12],
			"rotation": {"angle": 0, "axis": "y", "origin": [-7, 7.25, 11]},
			"faces": {
				"north": {"uv": [5.375, 4.75, 5.5, 5], "texture": "#0"},
				"east": {"uv": [3.875, 6.875, 4, 7.125], "texture": "#0"},
				"south": {"uv": [3.875, 7.125, 4, 7.375], "texture": "#0"},
				"west": {"uv": [1.125, 7.625, 1.25, 7.875], "texture": "#0"},
				"up": {"uv": [7.875, 5, 7.75, 4.875], "texture": "#0"},
				"down": {"uv": [5.125, 7.75, 5, 7.875], "texture": "#0"}
			}
		},
		{
			"from": [5, 17.25, 10],
			"to": [6, 18.25, 11],
			"rotation": {"angle": 0, "axis": "y", "origin": [-7, 9.25, 10]},
			"faces": {
				"north": {"uv": [7.75, 5, 7.875, 5.125], "texture": "#0"},
				"east": {"uv": [7.75, 5.125, 7.875, 5.25], "texture": "#0"},
				"south": {"uv": [7.75, 5.25, 7.875, 5.375], "texture": "#0"},
				"west": {"uv": [7.75, 5.375, 7.875, 5.5], "texture": "#0"},
				"up": {"uv": [7.875, 5.625, 7.75, 5.5], "texture": "#0"},
				"down": {"uv": [7.875, 5.625, 7.75, 5.75], "texture": "#0"}
			}
		},
		{
			"from": [6, 14.25, 4],
			"to": [7, 15.25, 5],
			"rotation": {"angle": 0, "axis": "y", "origin": [-5, 6.25, 3]},
			"faces": {
				"north": {"uv": [7.75, 5.75, 7.875, 5.875], "texture": "#0"},
				"east": {"uv": [7.75, 5.875, 7.875, 6], "texture": "#0"},
				"south": {"uv": [6, 7.75, 6.125, 7.875], "texture": "#0"},
				"west": {"uv": [7.75, 6, 7.875, 6.125], "texture": "#0"},
				"up": {"uv": [6.25, 7.875, 6.125, 7.75], "texture": "#0"},
				"down": {"uv": [6.375, 7.75, 6.25, 7.875], "texture": "#0"}
			}
		},
		{
			"from": [5, 15.25, 4],
			"to": [6, 17.25, 5],
			"rotation": {"angle": 0, "axis": "y", "origin": [-6, 7.25, 3]},
			"faces": {
				"north": {"uv": [3.375, 7.625, 3.5, 7.875], "texture": "#0"},
				"east": {"uv": [3.5, 7.625, 3.625, 7.875], "texture": "#0"},
				"south": {"uv": [3.625, 7.625, 3.75, 7.875], "texture": "#0"},
				"west": {"uv": [3.75, 7.625, 3.875, 7.875], "texture": "#0"},
				"up": {"uv": [6.5, 7.875, 6.375, 7.75], "texture": "#0"},
				"down": {"uv": [7.875, 6.375, 7.75, 6.5], "texture": "#0"}
			}
		},
		{
			"from": [10, 15.25, 9],
			"to": [13, 16.25, 10],
			"rotation": {"angle": 0, "axis": "y", "origin": [0, 7.25, 8]},
			"faces": {
				"north": {"uv": [3.375, 7.5, 3.75, 7.625], "texture": "#0"},
				"east": {"uv": [7.75, 6.5, 7.875, 6.625], "texture": "#0"},
				"south": {"uv": [3.75, 7.5, 4.125, 7.625], "texture": "#0"},
				"west": {"uv": [7.75, 6.625, 7.875, 6.75], "texture": "#0"},
				"up": {"uv": [4.5, 7.625, 4.125, 7.5], "texture": "#0"},
				"down": {"uv": [7.25, 7.5, 6.875, 7.625], "texture": "#0"}
			}
		},
		{
			"from": [12, 16.25, 9],
			"to": [13, 17.25, 10],
			"rotation": {"angle": 0, "axis": "y", "origin": [0, 7.25, 8]},
			"faces": {
				"north": {"uv": [7.75, 6.75, 7.875, 6.875], "texture": "#0"},
				"east": {"uv": [7.75, 6.875, 7.875, 7], "texture": "#0"},
				"south": {"uv": [7.75, 7, 7.875, 7.125], "texture": "#0"},
				"west": {"uv": [7.75, 7.125, 7.875, 7.25], "texture": "#0"},
				"up": {"uv": [7.875, 7.375, 7.75, 7.25], "texture": "#0"},
				"down": {"uv": [7.625, 7.75, 7.5, 7.875], "texture": "#0"}
			}
		},
		{
			"from": [10, 16.25, 9],
			"to": [11, 18.25, 10],
			"rotation": {"angle": 0, "axis": "y", "origin": [0, 8.25, 8]},
			"faces": {
				"north": {"uv": [3.875, 7.625, 4, 7.875], "texture": "#0"},
				"east": {"uv": [4, 7.625, 4.125, 7.875], "texture": "#0"},
				"south": {"uv": [4.125, 7.625, 4.25, 7.875], "texture": "#0"},
				"west": {"uv": [4.25, 7.625, 4.375, 7.875], "texture": "#0"},
				"up": {"uv": [7.75, 7.875, 7.625, 7.75], "texture": "#0"},
				"down": {"uv": [7.875, 7.625, 7.75, 7.75], "texture": "#0"}
			}
		},
		{
			"from": [13.25, 2, 0.25],
			"to": [15.75, 4, 2.75],
			"rotation": {"angle": 0, "axis": "y", "origin": [-0.25, 0, 0.25]},
			"faces": {
				"north": {"uv": [1, 6, 1.375, 6.25], "texture": "#0"},
				"east": {"uv": [1.375, 6, 1.75, 6.25], "texture": "#0"},
				"south": {"uv": [6.875, 7, 7.25, 7.25], "texture": "#0"},
				"west": {"uv": [7.125, 0, 7.5, 0.25], "texture": "#0"},
				"up": {"uv": [2.625, 6.875, 2.25, 6.5], "texture": "#0"},
				"down": {"uv": [3, 6.5, 2.625, 6.875], "texture": "#0"}
			}
		},
		{
			"from": [13.25, 2, 13.25],
			"to": [15.75, 4, 15.75],
			"rotation": {"angle": 0, "axis": "y", "origin": [-0.25, 0, 13.75]},
			"faces": {
				"north": {"uv": [7.125, 0.25, 7.5, 0.5], "texture": "#0"},
				"east": {"uv": [7.125, 0.5, 7.5, 0.75], "texture": "#0"},
				"south": {"uv": [7.125, 0.75, 7.5, 1], "texture": "#0"},
				"west": {"uv": [7.25, 1, 7.625, 1.25], "texture": "#0"},
				"up": {"uv": [3.375, 6.875, 3, 6.5], "texture": "#0"},
				"down": {"uv": [3.75, 6.5, 3.375, 6.875], "texture": "#0"}
			}
		},
		{
			"from": [0.25, 2, 0.25],
			"to": [2.75, 4, 2.75],
			"rotation": {"angle": 0, "axis": "y", "origin": [-13.75, 0, 0.25]},
			"faces": {
				"north": {"uv": [1.25, 7.25, 1.625, 7.5], "texture": "#0"},
				"east": {"uv": [7.25, 1.25, 7.625, 1.5], "texture": "#0"},
				"south": {"uv": [1.625, 7.25, 2, 7.5], "texture": "#0"},
				"west": {"uv": [2, 7.25, 2.375, 7.5], "texture": "#0"},
				"up": {"uv": [6.875, 6.625, 6.5, 6.25], "texture": "#0"},
				"down": {"uv": [6.875, 6.625, 6.5, 7], "texture": "#0"}
			}
		},
		{
			"from": [0.25, 2, 13.25],
			"to": [2.75, 4, 15.75],
			"rotation": {"angle": 0, "axis": "y", "origin": [-13.75, 0, 13.75]},
			"faces": {
				"north": {"uv": [2.375, 7.25, 2.75, 7.5], "texture": "#0"},
				"east": {"uv": [2.75, 7.25, 3.125, 7.5], "texture": "#0"},
				"south": {"uv": [3.125, 7.25, 3.5, 7.5], "texture": "#0"},
				"west": {"uv": [3.5, 7.25, 3.875, 7.5], "texture": "#0"},
				"up": {"uv": [1.625, 7.25, 1.25, 6.875], "texture": "#0"},
				"down": {"uv": [2, 6.875, 1.625, 7.25], "texture": "#0"}
			}
		},
		{
			"from": [0.5, 4, 0.5],
			"to": [2.5, 14, 2.5],
			"rotation": {"angle": 0, "axis": "y", "origin": [-13.5, 2, 0.5]},
			"faces": {
				"north": {"uv": [1.75, 4, 2, 5.25], "texture": "#0"},
				"east": {"uv": [4, 6.25, 4.25, 7.5], "texture": "#0"},
				"south": {"uv": [4.25, 6.25, 4.5, 7.5], "texture": "#0"},
				"west": {"uv": [4.5, 6.25, 4.75, 7.5], "texture": "#0"},
				"up": {"uv": [2.125, 7.75, 1.875, 7.5], "texture": "#0"},
				"down": {"uv": [2.375, 7.5, 2.125, 7.75], "texture": "#0"}
			}
		},
		{
			"from": [13.5, 4, 13.5],
			"to": [15.5, 13, 15.5],
			"rotation": {"angle": 0, "axis": "y", "origin": [-0.5, 2, 13.5]},
			"faces": {
				"north": {"uv": [5.75, 6.25, 6, 7.375], "texture": "#0"},
				"east": {"uv": [6, 6.25, 6.25, 7.375], "texture": "#0"},
				"south": {"uv": [6.25, 6.25, 6.5, 7.375], "texture": "#0"},
				"west": {"uv": [0, 6.5, 0.25, 7.625], "texture": "#0"},
				"up": {"uv": [2.625, 7.75, 2.375, 7.5], "texture": "#0"},
				"down": {"uv": [2.875, 7.5, 2.625, 7.75], "texture": "#0"}
			}
		},
		{
			"from": [13.5, 4, 0.5],
			"to": [15.5, 13, 2.5],
			"rotation": {"angle": 0, "axis": "y", "origin": [-0.5, 2, 0.5]},
			"faces": {
				"north": {"uv": [0.25, 6.5, 0.5, 7.625], "texture": "#0"},
				"east": {"uv": [0.5, 6.5, 0.75, 7.625], "texture": "#0"},
				"south": {"uv": [0.75, 6.5, 1, 7.625], "texture": "#0"},
				"west": {"uv": [1, 6.5, 1.25, 7.625], "texture": "#0"},
				"up": {"uv": [3.125, 7.75, 2.875, 7.5], "texture": "#0"},
				"down": {"uv": [3.375, 7.5, 3.125, 7.75], "texture": "#0"}
			}
		},
		{
			"from": [0, 9, 0],
			"to": [3, 11, 3],
			"rotation": {"angle": 0, "axis": "y", "origin": [-13.75, 7, 0.25]},
			"faces": {
				"north": {"uv": [7.25, 4.75, 7.625, 5], "texture": "#0"},
				"east": {"uv": [7.25, 5, 7.625, 5.25], "texture": "#0"},
				"south": {"uv": [7.25, 5.25, 7.625, 5.5], "texture": "#0"},
				"west": {"uv": [7.25, 5.5, 7.625, 5.75], "texture": "#0"},
				"up": {"uv": [2.375, 7.25, 2, 6.875], "texture": "#0"},
				"down": {"uv": [2.75, 6.875, 2.375, 7.25], "texture": "#0"}
			}
		},
		{
			"from": [0, 9, 13],
			"to": [3, 11, 16],
			"rotation": {"angle": 0, "axis": "y", "origin": [-13.75, 7, 13.25]},
			"faces": {
				"north": {"uv": [7.25, 5.75, 7.625, 6], "texture": "#0"},
				"east": {"uv": [7.25, 6, 7.625, 6.25], "texture": "#0"},
				"south": {"uv": [7.25, 6.25, 7.625, 6.5], "texture": "#0"},
				"west": {"uv": [7.25, 6.5, 7.625, 6.75], "texture": "#0"},
				"up": {"uv": [3.125, 7.25, 2.75, 6.875], "texture": "#0"},
				"down": {"uv": [3.5, 6.875, 3.125, 7.25], "texture": "#0"}
			}
		},
		{
			"from": [13, 9, 13],
			"to": [16, 11, 16],
			"rotation": {"angle": 0, "axis": "y", "origin": [-0.75, 7, 13.25]},
			"faces": {
				"north": {"uv": [7.25, 6.75, 7.625, 7], "texture": "#0"},
				"east": {"uv": [6.875, 7.25, 7.25, 7.5], "texture": "#0"},
				"south": {"uv": [7.25, 7, 7.625, 7.25], "texture": "#0"},
				"west": {"uv": [7.25, 7.25, 7.625, 7.5], "texture": "#0"},
				"up": {"uv": [3.875, 7.25, 3.5, 6.875], "texture": "#0"},
				"down": {"uv": [7.25, 6.25, 6.875, 6.625], "texture": "#0"}
			}
		},
		{
			"from": [13, 9, 0],
			"to": [16, 11, 3],
			"rotation": {"angle": 0, "axis": "y", "origin": [-0.75, 7, 0.25]},
			"faces": {
				"north": {"uv": [7.375, 1.75, 7.75, 2], "texture": "#0"},
				"east": {"uv": [7.375, 2, 7.75, 2.25], "texture": "#0"},
				"south": {"uv": [7.375, 2.25, 7.75, 2.5], "texture": "#0"},
				"west": {"uv": [7.375, 2.5, 7.75, 2.75], "texture": "#0"},
				"up": {"uv": [7.25, 7, 6.875, 6.625], "texture": "#0"},
				"down": {"uv": [7.375, 1.75, 7, 2.125], "texture": "#0"}
			}
		},
		{
			"from": [13, 13, 13],
			"to": [16, 15, 16],
			"rotation": {"angle": 45, "axis": "y", "origin": [14.5, 14, 14.5]},
			"faces": {
				"north": {"uv": [7.375, 2.75, 7.75, 3], "texture": "#0"},
				"east": {"uv": [7.375, 3, 7.75, 3.25], "texture": "#0"},
				"south": {"uv": [7.375, 3.25, 7.75, 3.5], "texture": "#0"},
				"west": {"uv": [7.375, 3.5, 7.75, 3.75], "texture": "#0"},
				"up": {"uv": [7.375, 2.5, 7, 2.125], "texture": "#0"},
				"down": {"uv": [7.375, 2.5, 7, 2.875], "texture": "#0"}
			}
		},
		{
			"from": [0, 13, 13],
			"to": [3, 15, 16],
			"rotation": {"angle": 45, "axis": "y", "origin": [1.5, 14, 14.5]},
			"faces": {
				"north": {"uv": [7.375, 3.75, 7.75, 4], "texture": "#0"},
				"east": {"uv": [7.375, 4, 7.75, 4.25], "texture": "#0"},
				"south": {"uv": [7.375, 4.25, 7.75, 4.5], "texture": "#0"},
				"west": {"uv": [7.375, 4.5, 7.75, 4.75], "texture": "#0"},
				"up": {"uv": [7.375, 3.25, 7, 2.875], "texture": "#0"},
				"down": {"uv": [7.375, 3.25, 7, 3.625], "texture": "#0"}
			}
		},
		{
			"from": [13, 13, 0],
			"to": [16, 15, 3],
			"rotation": {"angle": 45, "axis": "y", "origin": [14.5, 14, 1.5]},
			"faces": {
				"north": {"uv": [4.75, 7.375, 5.125, 7.625], "texture": "#0"},
				"east": {"uv": [5.125, 7.375, 5.5, 7.625], "texture": "#0"},
				"south": {"uv": [5.5, 7.375, 5.875, 7.625], "texture": "#0"},
				"west": {"uv": [5.875, 7.375, 6.25, 7.625], "texture": "#0"},
				"up": {"uv": [7.375, 4, 7, 3.625], "texture": "#0"},
				"down": {"uv": [7.375, 4, 7, 4.375], "texture": "#0"}
			}
		},
		{
			"from": [14.25, 14.5, 1.25],
			"to": [14.75, 15.5, 1.75],
			"rotation": {"angle": 0, "axis": "y", "origin": [14.5, 15.5, 1.5]},
			"faces": {
				"north": {"uv": [7.75, 7.75, 7.875, 7.875], "texture": "#0"},
				"east": {"uv": [0, 7.875, 0.125, 8], "texture": "#0"},
				"south": {"uv": [7.875, 0, 8, 0.125], "texture": "#0"},
				"west": {"uv": [0.125, 7.875, 0.25, 8], "texture": "#0"},
				"up": {"uv": [8, 0.25, 7.875, 0.125], "texture": "#0"},
				"down": {"uv": [8, 0.25, 7.875, 0.375], "texture": "#0"}
			}
		},
		{
			"from": [13.75, 15.5, 1.25],
			"to": [15.25, 16, 1.75],
			"rotation": {"angle": 0, "axis": "y", "origin": [12.75, 16, 1.5]},
			"faces": {
				"north": {"uv": [4.375, 7.625, 4.625, 7.75], "texture": "#0"},
				"east": {"uv": [7.875, 0.375, 8, 0.5], "texture": "#0"},
				"south": {"uv": [4.625, 7.625, 4.875, 7.75], "texture": "#0"},
				"west": {"uv": [7.875, 0.5, 8, 0.625], "texture": "#0"},
				"up": {"uv": [7.875, 4.875, 7.625, 4.75], "texture": "#0"},
				"down": {"uv": [5.125, 7.625, 4.875, 7.75], "texture": "#0"}
			}
		},
		{
			"from": [13.25, 15.6, 1.275],
			"to": [14, 16.1, 1.725],
			"rotation": {"angle": -45, "axis": "z", "origin": [13.75, 15.85, 1.5]},
			"faces": {
				"north": {"uv": [7.875, 0.625, 8, 0.75], "texture": "#0"},
				"east": {"uv": [7.875, 0.75, 8, 0.875], "texture": "#0"},
				"south": {"uv": [7.875, 0.875, 8, 1], "texture": "#0"},
				"west": {"uv": [1.125, 7.875, 1.25, 8], "texture": "#0"},
				"up": {"uv": [8, 1.375, 7.875, 1.25], "texture": "#0"},
				"down": {"uv": [8, 1.375, 7.875, 1.5], "texture": "#0"}
			}
		},
		{
			"from": [13.225, 16.025, 1.25],
			"to": [13.725, 17.525, 1.75],
			"rotation": {"angle": 0, "axis": "y", "origin": [13.725, 17.025, 1.5]},
			"faces": {
				"north": {"uv": [7.625, 4.875, 7.75, 5.125], "texture": "#0"},
				"east": {"uv": [5.125, 7.625, 5.25, 7.875], "texture": "#0"},
				"south": {"uv": [7.625, 5.125, 7.75, 5.375], "texture": "#0"},
				"west": {"uv": [5.25, 7.625, 5.375, 7.875], "texture": "#0"},
				"up": {"uv": [8, 1.625, 7.875, 1.5], "texture": "#0"},
				"down": {"uv": [8, 1.625, 7.875, 1.75], "texture": "#0"}
			}
		},
		{
			"from": [14.25, 16, 1.25],
			"to": [14.75, 18, 1.75],
			"rotation": {"angle": 0, "axis": "y", "origin": [14.5, 17, 1.5]},
			"faces": {
				"north": {"uv": [5.375, 7.625, 5.5, 7.875], "texture": "#0"},
				"east": {"uv": [7.625, 5.375, 7.75, 5.625], "texture": "#0"},
				"south": {"uv": [5.5, 7.625, 5.625, 7.875], "texture": "#0"},
				"west": {"uv": [5.625, 7.625, 5.75, 7.875], "texture": "#0"},
				"up": {"uv": [1.875, 8, 1.75, 7.875], "texture": "#0"},
				"down": {"uv": [2, 7.875, 1.875, 8], "texture": "#0"}
			}
		},
		{
			"from": [15, 15.6, 1.275],
			"to": [15.75, 16.1, 1.725],
			"rotation": {"angle": 45, "axis": "z", "origin": [15.25, 15.85, 1.5]},
			"faces": {
				"north": {"uv": [2, 7.875, 2.125, 8], "texture": "#0"},
				"east": {"uv": [7.875, 2, 8, 2.125], "texture": "#0"},
				"south": {"uv": [2.125, 7.875, 2.25, 8], "texture": "#0"},
				"west": {"uv": [7.875, 2.125, 8, 2.25], "texture": "#0"},
				"up": {"uv": [8, 2.375, 7.875, 2.25], "texture": "#0"},
				"down": {"uv": [8, 2.375, 7.875, 2.5], "texture": "#0"}
			}
		},
		{
			"from": [15.275, 16.025, 1.25],
			"to": [15.775, 17.525, 1.75],
			"rotation": {"angle": 0, "axis": "y", "origin": [15.275, 17.025, 1.5]},
			"faces": {
				"north": {"uv": [7.625, 5.625, 7.75, 5.875], "texture": "#0"},
				"east": {"uv": [5.75, 7.625, 5.875, 7.875], "texture": "#0"},
				"south": {"uv": [5.875, 7.625, 6, 7.875], "texture": "#0"},
				"west": {"uv": [7.625, 5.875, 7.75, 6.125], "texture": "#0"},
				"up": {"uv": [8, 2.625, 7.875, 2.5], "texture": "#0"},
				"down": {"uv": [8, 2.625, 7.875, 2.75], "texture": "#0"}
			}
		},
		{
			"from": [14.25, 14.5, 14.25],
			"to": [14.75, 15.5, 14.75],
			"rotation": {"angle": 0, "axis": "y", "origin": [14.5, 15.5, 14.5]},
			"faces": {
				"north": {"uv": [7.875, 2.75, 8, 2.875], "texture": "#0"},
				"east": {"uv": [7.875, 2.875, 8, 3], "texture": "#0"},
				"south": {"uv": [7.875, 3, 8, 3.125], "texture": "#0"},
				"west": {"uv": [7.875, 3.125, 8, 3.25], "texture": "#0"},
				"up": {"uv": [8, 3.375, 7.875, 3.25], "texture": "#0"},
				"down": {"uv": [3.5, 7.875, 3.375, 8], "texture": "#0"}
			}
		},
		{
			"from": [13.75, 15.5, 14.25],
			"to": [15.25, 16, 14.75],
			"rotation": {"angle": 0, "axis": "y", "origin": [12.75, 16, 14.5]},
			"faces": {
				"north": {"uv": [6, 7.625, 6.25, 7.75], "texture": "#0"},
				"east": {"uv": [7.875, 3.375, 8, 3.5], "texture": "#0"},
				"south": {"uv": [7.625, 6.125, 7.875, 6.25], "texture": "#0"},
				"west": {"uv": [3.5, 7.875, 3.625, 8], "texture": "#0"},
				"up": {"uv": [6.5, 7.75, 6.25, 7.625], "texture": "#0"},
				"down": {"uv": [7.875, 6.25, 7.625, 6.375], "texture": "#0"}
			}
		},
		{
			"from": [13.25, 15.6, 14.275],
			"to": [14, 16.1, 14.725],
			"rotation": {"angle": -45, "axis": "z", "origin": [13.75, 15.85, 14.5]},
			"faces": {
				"north": {"uv": [7.875, 3.5, 8, 3.625], "texture": "#0"},
				"east": {"uv": [3.625, 7.875, 3.75, 8], "texture": "#0"},
				"south": {"uv": [7.875, 3.625, 8, 3.75], "texture": "#0"},
				"west": {"uv": [3.75, 7.875, 3.875, 8], "texture": "#0"},
				"up": {"uv": [8, 3.875, 7.875, 3.75], "texture": "#0"},
				"down": {"uv": [4, 7.875, 3.875, 8], "texture": "#0"}
			}
		},
		{
			"from": [13.225, 16.025, 14.25],
			"to": [13.725, 17.525, 14.75],
			"rotation": {"angle": 0, "axis": "y", "origin": [13.725, 17.025, 14.5]},
			"faces": {
				"north": {"uv": [7.625, 6.375, 7.75, 6.625], "texture": "#0"},
				"east": {"uv": [6.5, 7.625, 6.625, 7.875], "texture": "#0"},
				"south": {"uv": [6.625, 7.625, 6.75, 7.875], "texture": "#0"},
				"west": {"uv": [7.625, 6.625, 7.75, 6.875], "texture": "#0"},
				"up": {"uv": [8, 4, 7.875, 3.875], "texture": "#0"},
				"down": {"uv": [4.125, 7.875, 4, 8], "texture": "#0"}
			}
		},
		{
			"from": [14.25, 16, 14.25],
			"to": [14.75, 18, 14.75],
			"rotation": {"angle": 0, "axis": "y", "origin": [14.5, 17, 14.5]},
			"faces": {
				"north": {"uv": [6.75, 7.625, 6.875, 7.875], "texture": "#0"},
				"east": {"uv": [6.875, 7.625, 7, 7.875], "texture": "#0"},
				"south": {"uv": [7.625, 6.875, 7.75, 7.125], "texture": "#0"},
				"west": {"uv": [7, 7.625, 7.125, 7.875], "texture": "#0"},
				"up": {"uv": [8, 4.125, 7.875, 4], "texture": "#0"},
				"down": {"uv": [4.25, 7.875, 4.125, 8], "texture": "#0"}
			}
		},
		{
			"from": [15, 15.6, 14.275],
			"to": [15.75, 16.1, 14.725],
			"rotation": {"angle": 45, "axis": "z", "origin": [15.25, 15.85, 14.5]},
			"faces": {
				"north": {"uv": [7.875, 4.125, 8, 4.25], "texture": "#0"},
				"east": {"uv": [4.25, 7.875, 4.375, 8], "texture": "#0"},
				"south": {"uv": [7.875, 4.25, 8, 4.375], "texture": "#0"},
				"west": {"uv": [4.375, 7.875, 4.5, 8], "texture": "#0"},
				"up": {"uv": [8, 4.5, 7.875, 4.375], "texture": "#0"},
				"down": {"uv": [4.625, 7.875, 4.5, 8], "texture": "#0"}
			}
		},
		{
			"from": [15.275, 16.025, 14.25],
			"to": [15.775, 17.525, 14.75],
			"rotation": {"angle": 0, "axis": "y", "origin": [15.275, 17.025, 14.5]},
			"faces": {
				"north": {"uv": [7.125, 7.625, 7.25, 7.875], "texture": "#0"},
				"east": {"uv": [7.625, 7.125, 7.75, 7.375], "texture": "#0"},
				"south": {"uv": [7.25, 7.625, 7.375, 7.875], "texture": "#0"},
				"west": {"uv": [7.375, 7.625, 7.5, 7.875], "texture": "#0"},
				"up": {"uv": [8, 4.625, 7.875, 4.5], "texture": "#0"},
				"down": {"uv": [4.75, 7.875, 4.625, 8], "texture": "#0"}
			}
		},
		{
			"from": [1.25, 14.5, 1.25],
			"to": [1.75, 15.5, 1.75],
			"rotation": {"angle": 0, "axis": "y", "origin": [1.5, 15.5, 1.5]},
			"faces": {
				"north": {"uv": [7.875, 4.625, 8, 4.75], "texture": "#0"},
				"east": {"uv": [4.75, 7.875, 4.875, 8], "texture": "#0"},
				"south": {"uv": [7.875, 4.75, 8, 4.875], "texture": "#0"},
				"west": {"uv": [4.875, 7.875, 5, 8], "texture": "#0"},
				"up": {"uv": [8, 5, 7.875, 4.875], "texture": "#0"},
				"down": {"uv": [5.125, 7.875, 5, 8], "texture": "#0"}
			}
		},
		{
			"from": [0.75, 15.5, 1.25],
			"to": [2.25, 16, 1.75],
			"rotation": {"angle": 0, "axis": "y", "origin": [-0.25, 16, 1.5]},
			"faces": {
				"north": {"uv": [7.625, 7.375, 7.875, 7.5], "texture": "#0"},
				"east": {"uv": [7.875, 5, 8, 5.125], "texture": "#0"},
				"south": {"uv": [7.5, 7.625, 7.75, 7.75], "texture": "#0"},
				"west": {"uv": [5.125, 7.875, 5.25, 8], "texture": "#0"},
				"up": {"uv": [7.875, 7.625, 7.625, 7.5], "texture": "#0"},
				"down": {"uv": [0.25, 7.75, 0, 7.875], "texture": "#0"}
			}
		},
		{
			"from": [0.25, 15.6, 1.275],
			"to": [1, 16.1, 1.725],
			"rotation": {"angle": -45, "axis": "z", "origin": [0.75, 15.85, 1.5]},
			"faces": {
				"north": {"uv": [7.875, 5.125, 8, 5.25], "texture": "#0"},
				"east": {"uv": [5.25, 7.875, 5.375, 8], "texture": "#0"},
				"south": {"uv": [7.875, 5.25, 8, 5.375], "texture": "#0"},
				"west": {"uv": [5.375, 7.875, 5.5, 8], "texture": "#0"},
				"up": {"uv": [8, 5.5, 7.875, 5.375], "texture": "#0"},
				"down": {"uv": [5.625, 7.875, 5.5, 8], "texture": "#0"}
			}
		},
		{
			"from": [0.225, 16.025, 1.25],
			"to": [0.725, 17.525, 1.75],
			"rotation": {"angle": 0, "axis": "y", "origin": [0.725, 17.025, 1.5]},
			"faces": {
				"north": {"uv": [0.25, 7.75, 0.375, 8], "texture": "#0"},
				"east": {"uv": [0.375, 7.75, 0.5, 8], "texture": "#0"},
				"south": {"uv": [0.5, 7.75, 0.625, 8], "texture": "#0"},
				"west": {"uv": [0.625, 7.75, 0.75, 8], "texture": "#0"},
				"up": {"uv": [8, 5.625, 7.875, 5.5], "texture": "#0"},
				"down": {"uv": [5.75, 7.875, 5.625, 8], "texture": "#0"}
			}
		},
		{
			"from": [1.25, 16, 1.25],
			"to": [1.75, 18, 1.75],
			"rotation": {"angle": 0, "axis": "y", "origin": [1.5, 17, 1.5]},
			"faces": {
				"north": {"uv": [0.75, 7.75, 0.875, 8], "texture": "#0"},
				"east": {"uv": [0.875, 7.75, 1, 8], "texture": "#0"},
				"south": {"uv": [1, 7.75, 1.125, 8], "texture": "#0"},
				"west": {"uv": [1.25, 7.75, 1.375, 8], "texture": "#0"},
				"up": {"uv": [8, 5.75, 7.875, 5.625], "texture": "#0"},
				"down": {"uv": [5.875, 7.875, 5.75, 8], "texture": "#0"}
			}
		},
		{
			"from": [2, 15.6, 1.275],
			"to": [2.75, 16.1, 1.725],
			"rotation": {"angle": 45, "axis": "z", "origin": [2.25, 15.85, 1.5]},
			"faces": {
				"north": {"uv": [7.875, 5.75, 8, 5.875], "texture": "#0"},
				"east": {"uv": [5.875, 7.875, 6, 8], "texture": "#0"},
				"south": {"uv": [7.875, 5.875, 8, 6], "texture": "#0"},
				"west": {"uv": [6, 7.875, 6.125, 8], "texture": "#0"},
				"up": {"uv": [8, 6.125, 7.875, 6], "texture": "#0"},
				"down": {"uv": [6.25, 7.875, 6.125, 8], "texture": "#0"}
			}
		},
		{
			"from": [2.275, 16.025, 1.25],
			"to": [2.775, 17.525, 1.75],
			"rotation": {"angle": 0, "axis": "y", "origin": [2.275, 17.025, 1.5]},
			"faces": {
				"north": {"uv": [1.375, 7.75, 1.5, 8], "texture": "#0"},
				"east": {"uv": [1.5, 7.75, 1.625, 8], "texture": "#0"},
				"south": {"uv": [7.75, 1.5, 7.875, 1.75], "texture": "#0"},
				"west": {"uv": [1.625, 7.75, 1.75, 8], "texture": "#0"},
				"up": {"uv": [8, 6.25, 7.875, 6.125], "texture": "#0"},
				"down": {"uv": [6.375, 7.875, 6.25, 8], "texture": "#0"}
			}
		},
		{
			"from": [1.25, 14.5, 14.25],
			"to": [1.75, 15.5, 14.75],
			"rotation": {"angle": 0, "axis": "y", "origin": [1.5, 15.5, 14.5]},
			"faces": {
				"north": {"uv": [7.875, 6.25, 8, 6.375], "texture": "#0"},
				"east": {"uv": [6.375, 7.875, 6.5, 8], "texture": "#0"},
				"south": {"uv": [7.875, 6.375, 8, 6.5], "texture": "#0"},
				"west": {"uv": [6.5, 7.875, 6.625, 8], "texture": "#0"},
				"up": {"uv": [8, 6.625, 7.875, 6.5], "texture": "#0"},
				"down": {"uv": [6.75, 7.875, 6.625, 8], "texture": "#0"}
			}
		},
		{
			"from": [0.75, 15.5, 14.25],
			"to": [2.25, 16, 14.75],
			"rotation": {"angle": 0, "axis": "y", "origin": [-0.25, 16, 14.5]},
			"faces": {
				"north": {"uv": [1.75, 7.75, 2, 7.875], "texture": "#0"},
				"east": {"uv": [7.875, 6.625, 8, 6.75], "texture": "#0"},
				"south": {"uv": [7.75, 1.75, 8, 1.875], "texture": "#0"},
				"west": {"uv": [6.75, 7.875, 6.875, 8], "texture": "#0"},
				"up": {"uv": [8, 2, 7.75, 1.875], "texture": "#0"},
				"down": {"uv": [2.25, 7.75, 2, 7.875], "texture": "#0"}
			}
		},
		{
			"from": [0.25, 15.6, 14.275],
			"to": [1, 16.1, 14.725],
			"rotation": {"angle": -45, "axis": "z", "origin": [0.75, 15.85, 14.5]},
			"faces": {
				"north": {"uv": [7.875, 6.75, 8, 6.875], "texture": "#0"},
				"east": {"uv": [6.875, 7.875, 7, 8], "texture": "#0"},
				"south": {"uv": [7.875, 6.875, 8, 7], "texture": "#0"},
				"west": {"uv": [7, 7.875, 7.125, 8], "texture": "#0"},
				"up": {"uv": [8, 7.125, 7.875, 7], "texture": "#0"},
				"down": {"uv": [7.25, 7.875, 7.125, 8], "texture": "#0"}
			}
		},
		{
			"from": [0.225, 16.025, 14.25],
			"to": [0.725, 17.525, 14.75],
			"rotation": {"angle": 0, "axis": "y", "origin": [0.725, 17.025, 14.5]},
			"faces": {
				"north": {"uv": [7.75, 2, 7.875, 2.25], "texture": "#0"},
				"east": {"uv": [2.25, 7.75, 2.375, 8], "texture": "#0"},
				"south": {"uv": [7.75, 2.25, 7.875, 2.5], "texture": "#0"},
				"west": {"uv": [2.375, 7.75, 2.5, 8], "texture": "#0"},
				"up": {"uv": [8, 7.25, 7.875, 7.125], "texture": "#0"},
				"down": {"uv": [7.375, 7.875, 7.25, 8], "texture": "#0"}
			}
		},
		{
			"from": [1.25, 16, 14.25],
			"to": [1.75, 18, 14.75],
			"rotation": {"angle": 0, "axis": "y", "origin": [1.5, 17, 14.5]},
			"faces": {
				"north": {"uv": [2.5, 7.75, 2.625, 8], "texture": "#0"},
				"east": {"uv": [7.75, 2.5, 7.875, 2.75], "texture": "#0"},
				"south": {"uv": [2.625, 7.75, 2.75, 8], "texture": "#0"},
				"west": {"uv": [2.75, 7.75, 2.875, 8], "texture": "#0"},
				"up": {"uv": [8, 7.375, 7.875, 7.25], "texture": "#0"},
				"down": {"uv": [7.5, 7.875, 7.375, 8], "texture": "#0"}
			}
		},
		{
			"from": [2, 15.6, 14.275],
			"to": [2.75, 16.1, 14.725],
			"rotation": {"angle": 45, "axis": "z", "origin": [2.25, 15.85, 14.5]},
			"faces": {
				"north": {"uv": [7.875, 7.375, 8, 7.5], "texture": "#0"},
				"east": {"uv": [7.5, 7.875, 7.625, 8], "texture": "#0"},
				"south": {"uv": [7.875, 7.5, 8, 7.625], "texture": "#0"},
				"west": {"uv": [7.625, 7.875, 7.75, 8], "texture": "#0"},
				"up": {"uv": [8, 7.75, 7.875, 7.625], "texture": "#0"},
				"down": {"uv": [7.875, 7.875, 7.75, 8], "texture": "#0"}
			}
		},
		{
			"from": [2.275, 16.025, 14.25],
			"to": [2.775, 17.525, 14.75],
			"rotation": {"angle": 0, "axis": "y", "origin": [2.275, 17.025, 14.5]},
			"faces": {
				"north": {"uv": [7.75, 2.75, 7.875, 3], "texture": "#0"},
				"east": {"uv": [2.875, 7.75, 3, 8], "texture": "#0"},
				"south": {"uv": [3, 7.75, 3.125, 8], "texture": "#0"},
				"west": {"uv": [7.75, 3, 7.875, 3.25], "texture": "#0"},
				"up": {"uv": [8, 7.875, 7.875, 7.75], "texture": "#0"},
				"down": {"uv": [8, 7.875, 7.875, 8], "texture": "#0"}
			}
		},
		{
			"from": [0, 13, 0],
			"to": [3, 15, 3],
			"rotation": {"angle": 45, "axis": "y", "origin": [1.5, 14, 1.5]},
			"faces": {
				"north": {"uv": [6.25, 7.375, 6.625, 7.625], "texture": "#0"},
				"east": {"uv": [7.5, 0, 7.875, 0.25], "texture": "#0"},
				"south": {"uv": [7.5, 0.25, 7.875, 0.5], "texture": "#0"},
				"west": {"uv": [7.5, 0.5, 7.875, 0.75], "texture": "#0"},
				"up": {"uv": [7.375, 4.75, 7, 4.375], "texture": "#0"},
				"down": {"uv": [6.875, 7, 6.5, 7.375], "texture": "#0"}
			}
		},
		{
			"from": [6, 7, -0.5],
			"to": [10, 10, 1],
			"rotation": {"angle": 0, "axis": "y", "origin": [0, -4, -6.5]},
			"faces": {
				"north": {"uv": [1.25, 6.5, 1.75, 6.875], "texture": "#0"},
				"east": {"uv": [3.5, 5.25, 3.75, 5.625], "texture": "#0"},
				"south": {"uv": [1.75, 6.5, 2.25, 6.875], "texture": "#0"},
				"west": {"uv": [3.5, 5.625, 3.75, 6], "texture": "#0"},
				"up": {"uv": [0.5, 6.25, 0, 6], "texture": "#0"},
				"down": {"uv": [1, 6, 0.5, 6.25], "texture": "#0"}
			}
		},
		{
			"from": [6.5, 10.25, 0.25],
			"to": [9.5, 12.25, 1.25],
			"rotation": {"angle": 0, "axis": "y", "origin": [-0.5, -0.75, -5.75]},
			"faces": {
				"north": {"uv": [7.5, 0.75, 7.875, 1], "texture": "#0"},
				"east": {"uv": [3.125, 7.75, 3.25, 8], "texture": "#0"},
				"south": {"uv": [1.25, 7.5, 1.625, 7.75], "texture": "#0"},
				"west": {"uv": [3.25, 7.75, 3.375, 8], "texture": "#0"},
				"up": {"uv": [7.625, 7.625, 7.25, 7.5], "texture": "#0"},
				"down": {"uv": [0.375, 7.625, 0, 7.75], "texture": "#0"}
			}
		},
		{
			"from": [6.5, 11, -0.25],
			"to": [9.5, 11.5, 0.25],
			"rotation": {"angle": 0, "axis": "y", "origin": [0, -2.5, -6.25]},
			"faces": {
				"north": {"uv": [0.375, 7.625, 0.75, 7.75], "texture": "#0"},
				"east": {"uv": [0, 8, 0.125, 8.125], "texture": "#0"},
				"south": {"uv": [0.75, 7.625, 1.125, 7.75], "texture": "#0"},
				"west": {"uv": [8, 0, 8.125, 0.125], "texture": "#0"},
				"up": {"uv": [8, 1.125, 7.625, 1], "texture": "#0"},
				"down": {"uv": [8, 1.125, 7.625, 1.25], "texture": "#0"}
			}
		},
		{
			"from": [9, 10, -0.25],
			"to": [9.5, 11, 0.25],
			"rotation": {"angle": 0, "axis": "y", "origin": [-0.5, -1.75, -6.25]},
			"faces": {
				"north": {"uv": [0.125, 8, 0.25, 8.125], "texture": "#0"},
				"east": {"uv": [8, 0.125, 8.125, 0.25], "texture": "#0"},
				"south": {"uv": [0.25, 8, 0.375, 8.125], "texture": "#0"},
				"west": {"uv": [8, 0.25, 8.125, 0.375], "texture": "#0"},
				"up": {"uv": [0.5, 8.125, 0.375, 8], "texture": "#0"},
				"down": {"uv": [8.125, 0.375, 8, 0.5], "texture": "#0"}
			}
		},
		{
			"from": [6.5, 10, -0.25],
			"to": [7, 11, 0.25],
			"rotation": {"angle": 0, "axis": "y", "origin": [-3, -1.75, -6.25]},
			"faces": {
				"north": {"uv": [0.5, 8, 0.625, 8.125], "texture": "#0"},
				"east": {"uv": [8, 0.5, 8.125, 0.625], "texture": "#0"},
				"south": {"uv": [0.625, 8, 0.75, 8.125], "texture": "#0"},
				"west": {"uv": [8, 0.625, 8.125, 0.75], "texture": "#0"},
				"up": {"uv": [0.875, 8.125, 0.75, 8], "texture": "#0"},
				"down": {"uv": [8.125, 0.75, 8, 0.875], "texture": "#0"}
			}
		},
		{
			"from": [1, 2, 1],
			"to": [15, 10, 15],
			"rotation": {"angle": 0, "axis": "y", "origin": [0, -7, 0]},
			"faces": {
				"north": {"uv": [0, 4, 1.75, 5], "texture": "#0"},
				"east": {"uv": [0, 5, 1.75, 6], "texture": "#0"},
				"south": {"uv": [3.75, 5, 5.5, 6], "texture": "#0"},
				"west": {"uv": [1.75, 5.25, 3.5, 6.25], "texture": "#0"},
				"up": {"uv": [3.75, 5.25, 2, 3.5], "texture": "#0"},
				"down": {"uv": [5.5, 0, 3.75, 1.75], "texture": "#0"}
			}
		},
		{
			"from": [1.5, 3, 1.5],
			"to": [14.5, 10.75, 14.5],
			"rotation": {"angle": 0, "axis": "y", "origin": [-0.5, -6, -0.5]},
			"faces": {
				"north": {"uv": [5.375, 1.75, 7, 2.75], "texture": "#0"},
				"east": {"uv": [5.375, 2.75, 7, 3.75], "texture": "#0"},
				"south": {"uv": [5.375, 3.75, 7, 4.75], "texture": "#0"},
				"west": {"uv": [5.5, 0, 7.125, 1], "texture": "#0"},
				"up": {"uv": [5.375, 3.375, 3.75, 1.75], "texture": "#0"},
				"down": {"uv": [5.375, 3.375, 3.75, 5], "texture": "#0"}
			}
		}
	],
	"groups": [
		{
			"name": "group",
			"origin": [-13.5, 2, 13.5],
			"color": 0,
			"children": [
				0,
				1,
				2,
				3,
				4,
				5,
				6,
				7,
				8,
				9,
				10,
				11,
				12,
				13,
				14,
				15,
				16,
				17,
				18,
				19,
				20,
				21,
				22,
				23,
				24,
				25,
				26,
				27,
				{
					"name": "group",
					"origin": [14.5, 16, 1.5],
					"color": 0,
					"children": [28, 29, 30, 31, 32, 33, 34]
				},
				{
					"name": "group",
					"origin": [14.5, 16, 1.5],
					"color": 0,
					"children": [35, 36, 37, 38, 39, 40, 41]
				},
				{
					"name": "group",
					"origin": [14.5, 16, 1.5],
					"color": 0,
					"children": [42, 43, 44, 45, 46, 47, 48]
				},
				{
					"name": "group",
					"origin": [14.5, 16, 1.5],
					"color": 0,
					"children": [49, 50, 51, 52, 53, 54, 55]
				},
				56,
				57,
				58,
				59,
				60,
				61,
				62,
				63
			]
		}
	]
}