{
	"format_version": "1.9.0",
	"texture_size": [64, 64],
	"textures": {
		"0": "item/chest/lootbox1",
		"particle": "item/chest/lootbox1"
	},
	"elements": [
		{
			"from": [0.5, 4, 13.5],
			"to": [2.5, 11, 15.5],
			"rotation": {"angle": 0, "axis": "y", "origin": [-13.5, 2, 13.5]},
			"faces": {
				"north": {"uv": [9.25, 13.25, 9.75, 15], "texture": "#0"},
				"east": {"uv": [9.75, 13.25, 10.25, 15], "texture": "#0"},
				"south": {"uv": [10.25, 13.25, 10.75, 15], "texture": "#0"},
				"west": {"uv": [10.75, 13.25, 11.25, 15], "texture": "#0"},
				"up": {"uv": [15, 7.5, 14.5, 7], "texture": "#0"},
				"down": {"uv": [15, 7.5, 14.5, 8], "texture": "#0"}
			}
		},
		{
			"from": [0, 0, 0],
			"to": [16, 2, 16],
			"faces": {
				"north": {"uv": [11.5, 3, 15.5, 3.5], "texture": "#0"},
				"east": {"uv": [6.75, 12.75, 10.75, 13.25], "texture": "#0"},
				"south": {"uv": [10.75, 12.75, 14.75, 13.25], "texture": "#0"},
				"west": {"uv": [3.25, 13.25, 7.25, 13.75], "texture": "#0"},
				"up": {"uv": [4, 4, 0, 0], "texture": "#0"},
				"down": {"uv": [4, 4, 0, 8], "texture": "#0"}
			}
		},
		{
			"from": [0, 10.25, 0],
			"to": [16, 14.25, 16],
			"rotation": {"angle": 0, "axis": "y", "origin": [0, 2.25, 0]},
			"faces": {
				"north": {"uv": [11.25, 5.5, 15.25, 6.5], "texture": "#0"},
				"east": {"uv": [11.5, 0, 15.5, 1], "texture": "#0"},
				"south": {"uv": [11.5, 1, 15.5, 2], "texture": "#0"},
				"west": {"uv": [11.5, 2, 15.5, 3], "texture": "#0"},
				"up": {"uv": [8, 4, 4, 0], "texture": "#0"},
				"down": {"uv": [8, 4, 4, 8], "texture": "#0"}
			}
		},
		{
			"from": [-0.7, 9.75, 5],
			"to": [0.3, 12.75, 6],
			"rotation": {"angle": -22.5, "axis": "z", "origin": [-0.2, 9.75, 8]},
			"faces": {
				"north": {"uv": [3.25, 12.5, 3.5, 13.25], "texture": "#0"},
				"east": {"uv": [2, 14.75, 2.25, 15.5], "texture": "#0"},
				"south": {"uv": [2.25, 14.75, 2.5, 15.5], "texture": "#0"},
				"west": {"uv": [2.5, 14.75, 2.75, 15.5], "texture": "#0"},
				"up": {"uv": [10.25, 8, 10, 7.75], "texture": "#0"},
				"down": {"uv": [3.25, 13.5, 3, 13.75], "texture": "#0"}
			}
		},
		{
			"from": [-0.7, 9.75, 10],
			"to": [0.3, 12.75, 11],
			"rotation": {"angle": -22.5, "axis": "z", "origin": [-0.2, 9.75, 13]},
			"faces": {
				"north": {"uv": [2.75, 14.75, 3, 15.5], "texture": "#0"},
				"east": {"uv": [14.75, 8.5, 15, 9.25], "texture": "#0"},
				"south": {"uv": [14.75, 9.25, 15, 10], "texture": "#0"},
				"west": {"uv": [14.75, 12.75, 15, 13.5], "texture": "#0"},
				"up": {"uv": [13.75, 6.75, 13.5, 6.5], "texture": "#0"},
				"down": {"uv": [14.75, 8.5, 14.5, 8.75], "texture": "#0"}
			}
		},
		{
			"from": [-0.7, 8.75, 6],
			"to": [0.3, 10.75, 10],
			"rotation": {"angle": -22.5, "axis": "z", "origin": [-0.2, 9.75, 8]},
			"faces": {
				"north": {"uv": [15, 9, 15.25, 9.5], "texture": "#0"},
				"east": {"uv": [8, 7.5, 9, 8], "texture": "#0"},
				"south": {"uv": [15, 9.5, 15.25, 10], "texture": "#0"},
				"west": {"uv": [9, 7.5, 10, 8], "texture": "#0"},
				"up": {"uv": [10.25, 7.75, 10, 6.75], "texture": "#0"},
				"down": {"uv": [3.5, 11.5, 3.25, 12.5], "texture": "#0"}
			}
		},
		{
			"from": [15.7, 9.75, 10],
			"to": [16.7, 12.75, 11],
			"rotation": {"angle": 22.5, "axis": "z", "origin": [16.2, 9.75, 13]},
			"faces": {
				"north": {"uv": [14.75, 13.5, 15, 14.25], "texture": "#0"},
				"east": {"uv": [13.75, 14.75, 14, 15.5], "texture": "#0"},
				"south": {"uv": [14, 14.75, 14.25, 15.5], "texture": "#0"},
				"west": {"uv": [14.25, 14.75, 14.5, 15.5], "texture": "#0"},
				"up": {"uv": [10.75, 15.25, 10.5, 15], "texture": "#0"},
				"down": {"uv": [11, 15, 10.75, 15.25], "texture": "#0"}
			}
		},
		{
			"from": [15.7, 8.75, 6],
			"to": [16.7, 10.75, 10],
			"rotation": {"angle": 22.5, "axis": "z", "origin": [16.2, 9.75, 8]},
			"faces": {
				"north": {"uv": [9.75, 15, 10, 15.5], "texture": "#0"},
				"east": {"uv": [13.5, 12.25, 14.5, 12.75], "texture": "#0"},
				"south": {"uv": [10, 15, 10.25, 15.5], "texture": "#0"},
				"west": {"uv": [13.75, 8.75, 14.75, 9.25], "texture": "#0"},
				"up": {"uv": [14.75, 14.25, 14.5, 13.25], "texture": "#0"},
				"down": {"uv": [14.75, 14.25, 14.5, 15.25], "texture": "#0"}
			}
		},
		{
			"from": [15.7, 9.75, 5],
			"to": [16.7, 12.75, 6],
			"rotation": {"angle": 22.5, "axis": "z", "origin": [16.2, 9.75, 8]},
			"faces": {
				"north": {"uv": [14.75, 14.25, 15, 15], "texture": "#0"},
				"east": {"uv": [3, 15, 3.25, 15.75], "texture": "#0"},
				"south": {"uv": [3.25, 15, 3.5, 15.75], "texture": "#0"},
				"west": {"uv": [3.5, 15, 3.75, 15.75], "texture": "#0"},
				"up": {"uv": [15.25, 11, 15, 10.75], "texture": "#0"},
				"down": {"uv": [11.25, 15, 11, 15.25], "texture": "#0"}
			}
		},
		{
			"from": [13.25, 2, 0.25],
			"to": [15.75, 4, 2.75],
			"rotation": {"angle": 0, "axis": "y", "origin": [-0.25, 0, 0.25]},
			"faces": {
				"north": {"uv": [13.75, 10.25, 14.5, 10.75], "texture": "#0"},
				"east": {"uv": [13.75, 13.25, 14.5, 13.75], "texture": "#0"},
				"south": {"uv": [13.75, 13.75, 14.5, 14.25], "texture": "#0"},
				"west": {"uv": [1.5, 14.25, 2.25, 14.75], "texture": "#0"},
				"up": {"uv": [7.5, 12.75, 6.75, 12], "texture": "#0"},
				"down": {"uv": [8.25, 12, 7.5, 12.75], "texture": "#0"}
			}
		},
		{
			"from": [13.25, 2, 13.25],
			"to": [15.75, 4, 15.75],
			"rotation": {"angle": 0, "axis": "y", "origin": [-0.25, 0, 13.75]},
			"faces": {
				"north": {"uv": [2.25, 14.25, 3, 14.75], "texture": "#0"},
				"east": {"uv": [14.25, 10.75, 15, 11.25], "texture": "#0"},
				"south": {"uv": [14.25, 11.25, 15, 11.75], "texture": "#0"},
				"west": {"uv": [14.25, 11.75, 15, 12.25], "texture": "#0"},
				"up": {"uv": [9, 12.75, 8.25, 12], "texture": "#0"},
				"down": {"uv": [9.75, 12, 9, 12.75], "texture": "#0"}
			}
		},
		{
			"from": [0.25, 2, 0.25],
			"to": [2.75, 4, 2.75],
			"rotation": {"angle": 0, "axis": "y", "origin": [-13.75, 0, 0.25]},
			"faces": {
				"north": {"uv": [13.75, 14.25, 14.5, 14.75], "texture": "#0"},
				"east": {"uv": [3, 14.5, 3.75, 15], "texture": "#0"},
				"south": {"uv": [14.5, 3.5, 15.25, 4], "texture": "#0"},
				"west": {"uv": [3.75, 14.5, 4.5, 15], "texture": "#0"},
				"up": {"uv": [2.25, 14.25, 1.5, 13.5], "texture": "#0"},
				"down": {"uv": [3, 13.5, 2.25, 14.25], "texture": "#0"}
			}
		},
		{
			"from": [0.25, 2, 13.25],
			"to": [2.75, 4, 15.75],
			"rotation": {"angle": 0, "axis": "y", "origin": [-13.75, 0, 13.75]},
			"faces": {
				"north": {"uv": [14.5, 4, 15.25, 4.5], "texture": "#0"},
				"east": {"uv": [4.5, 14.5, 5.25, 15], "texture": "#0"},
				"south": {"uv": [14.5, 4.5, 15.25, 5], "texture": "#0"},
				"west": {"uv": [14.5, 5, 15.25, 5.5], "texture": "#0"},
				"up": {"uv": [14.25, 11.5, 13.5, 10.75], "texture": "#0"},
				"down": {"uv": [14.25, 11.5, 13.5, 12.25], "texture": "#0"}
			}
		},
		{
			"from": [0.5, 4, 0.5],
			"to": [2.5, 11, 2.5],
			"rotation": {"angle": 0, "axis": "y", "origin": [-13.5, 2, 0.5]},
			"faces": {
				"north": {"uv": [11.25, 13.25, 11.75, 15], "texture": "#0"},
				"east": {"uv": [11.75, 13.25, 12.25, 15], "texture": "#0"},
				"south": {"uv": [12.25, 13.25, 12.75, 15], "texture": "#0"},
				"west": {"uv": [12.75, 13.25, 13.25, 15], "texture": "#0"},
				"up": {"uv": [15, 8.5, 14.5, 8], "texture": "#0"},
				"down": {"uv": [15, 10.25, 14.5, 10.75], "texture": "#0"}
			}
		},
		{
			"from": [13.5, 4, 13.5],
			"to": [15.5, 11, 15.5],
			"rotation": {"angle": 0, "axis": "y", "origin": [-0.5, 2, 13.5]},
			"faces": {
				"north": {"uv": [7.25, 13.25, 7.75, 15], "texture": "#0"},
				"east": {"uv": [7.75, 13.25, 8.25, 15], "texture": "#0"},
				"south": {"uv": [8.25, 13.25, 8.75, 15], "texture": "#0"},
				"west": {"uv": [8.75, 13.25, 9.25, 15], "texture": "#0"},
				"up": {"uv": [15, 7, 14.5, 6.5], "texture": "#0"},
				"down": {"uv": [7.25, 14.5, 6.75, 15], "texture": "#0"}
			}
		},
		{
			"from": [13.5, 4, 0.5],
			"to": [15.5, 11, 2.5],
			"rotation": {"angle": 0, "axis": "y", "origin": [-0.5, 2, 0.5]},
			"faces": {
				"north": {"uv": [13.25, 13.25, 13.75, 15], "texture": "#0"},
				"east": {"uv": [0, 13.5, 0.5, 15.25], "texture": "#0"},
				"south": {"uv": [0.5, 13.5, 1, 15.25], "texture": "#0"},
				"west": {"uv": [1, 13.5, 1.5, 15.25], "texture": "#0"},
				"up": {"uv": [15, 12.75, 14.5, 12.25], "texture": "#0"},
				"down": {"uv": [2, 14.75, 1.5, 15.25], "texture": "#0"}
			}
		},
		{
			"from": [0, 7, 0],
			"to": [3, 8, 3],
			"rotation": {"angle": 0, "axis": "y", "origin": [-13.75, 5, 0.25]},
			"faces": {
				"north": {"uv": [11.25, 6.5, 12, 6.75], "texture": "#0"},
				"east": {"uv": [12, 6.5, 12.75, 6.75], "texture": "#0"},
				"south": {"uv": [12.75, 6.5, 13.5, 6.75], "texture": "#0"},
				"west": {"uv": [14.75, 10, 15.5, 10.25], "texture": "#0"},
				"up": {"uv": [3.75, 14.5, 3, 13.75], "texture": "#0"},
				"down": {"uv": [4.5, 13.75, 3.75, 14.5], "texture": "#0"}
			}
		},
		{
			"from": [0, 7, 13],
			"to": [3, 8, 16],
			"rotation": {"angle": 0, "axis": "y", "origin": [-13.75, 5, 13.25]},
			"faces": {
				"north": {"uv": [3.75, 15, 4.5, 15.25], "texture": "#0"},
				"east": {"uv": [4.5, 15, 5.25, 15.25], "texture": "#0"},
				"south": {"uv": [5.25, 15, 6, 15.25], "texture": "#0"},
				"west": {"uv": [6, 15, 6.75, 15.25], "texture": "#0"},
				"up": {"uv": [5.25, 14.5, 4.5, 13.75], "texture": "#0"},
				"down": {"uv": [6, 13.75, 5.25, 14.5], "texture": "#0"}
			}
		},
		{
			"from": [13, 7, 13],
			"to": [16, 8, 16],
			"rotation": {"angle": 0, "axis": "y", "origin": [-0.75, 5, 13.25]},
			"faces": {
				"north": {"uv": [15, 6.5, 15.75, 6.75], "texture": "#0"},
				"east": {"uv": [6.75, 15, 7.5, 15.25], "texture": "#0"},
				"south": {"uv": [15, 6.75, 15.75, 7], "texture": "#0"},
				"west": {"uv": [15, 7, 15.75, 7.25], "texture": "#0"},
				"up": {"uv": [6.75, 14.5, 6, 13.75], "texture": "#0"},
				"down": {"uv": [14.5, 6.5, 13.75, 7.25], "texture": "#0"}
			}
		},
		{
			"from": [13, 7, 0],
			"to": [16, 8, 3],
			"rotation": {"angle": 0, "axis": "y", "origin": [-0.75, 5, 0.25]},
			"faces": {
				"north": {"uv": [15, 7.25, 15.75, 7.5], "texture": "#0"},
				"east": {"uv": [7.5, 15, 8.25, 15.25], "texture": "#0"},
				"south": {"uv": [15, 7.5, 15.75, 7.75], "texture": "#0"},
				"west": {"uv": [15, 7.75, 15.75, 8], "texture": "#0"},
				"up": {"uv": [14.5, 8, 13.75, 7.25], "texture": "#0"},
				"down": {"uv": [14.5, 8, 13.75, 8.75], "texture": "#0"}
			}
		},
		{
			"from": [6, 7, -1.5],
			"to": [10, 10, 0],
			"rotation": {"angle": 0, "axis": "y", "origin": [0, -4, -7.5]},
			"faces": {
				"north": {"uv": [8, 6.75, 9, 7.5], "texture": "#0"},
				"east": {"uv": [9.75, 12, 10.25, 12.75], "texture": "#0"},
				"south": {"uv": [9, 6.75, 10, 7.5], "texture": "#0"},
				"west": {"uv": [6.75, 13.75, 7.25, 14.5], "texture": "#0"},
				"up": {"uv": [14.75, 9.75, 13.75, 9.25], "texture": "#0"},
				"down": {"uv": [14.75, 9.75, 13.75, 10.25], "texture": "#0"}
			}
		},
		{
			"from": [6.5, 10.25, -0.75],
			"to": [9.5, 12.25, 0.25],
			"rotation": {"angle": 0, "axis": "y", "origin": [-0.5, -0.75, -6.75]},
			"faces": {
				"north": {"uv": [5.25, 14.5, 6, 15], "texture": "#0"},
				"east": {"uv": [10.25, 15, 10.5, 15.5], "texture": "#0"},
				"south": {"uv": [6, 14.5, 6.75, 15], "texture": "#0"},
				"west": {"uv": [15, 10.25, 15.25, 10.75], "texture": "#0"},
				"up": {"uv": [15.75, 8.25, 15, 8], "texture": "#0"},
				"down": {"uv": [9, 15, 8.25, 15.25], "texture": "#0"}
			}
		},
		{
			"from": [6.5, 11, -1.25],
			"to": [9.5, 11.5, -0.75],
			"rotation": {"angle": 0, "axis": "y", "origin": [0, -2.5, -7.25]},
			"faces": {
				"north": {"uv": [15, 8.25, 15.75, 8.5], "texture": "#0"},
				"east": {"uv": [15, 11, 15.25, 11.25], "texture": "#0"},
				"south": {"uv": [15, 8.5, 15.75, 8.75], "texture": "#0"},
				"west": {"uv": [11.25, 15, 11.5, 15.25], "texture": "#0"},
				"up": {"uv": [15.75, 9, 15, 8.75], "texture": "#0"},
				"down": {"uv": [9.75, 15, 9, 15.25], "texture": "#0"}
			}
		},
		{
			"from": [9, 10, -1.25],
			"to": [9.5, 11, -0.75],
			"rotation": {"angle": 0, "axis": "y", "origin": [-0.5, -1.75, -7.25]},
			"faces": {
				"north": {"uv": [15, 11.25, 15.25, 11.5], "texture": "#0"},
				"east": {"uv": [11.5, 15, 11.75, 15.25], "texture": "#0"},
				"south": {"uv": [15, 11.5, 15.25, 11.75], "texture": "#0"},
				"west": {"uv": [11.75, 15, 12, 15.25], "texture": "#0"},
				"up": {"uv": [15.25, 12, 15, 11.75], "texture": "#0"},
				"down": {"uv": [12.25, 15, 12, 15.25], "texture": "#0"}
			}
		},
		{
			"from": [6.5, 10, -1.25],
			"to": [7, 11, -0.75],
			"rotation": {"angle": 0, "axis": "y", "origin": [-3, -1.75, -7.25]},
			"faces": {
				"north": {"uv": [15, 12, 15.25, 12.25], "texture": "#0"},
				"east": {"uv": [12.25, 15, 12.5, 15.25], "texture": "#0"},
				"south": {"uv": [15, 12.25, 15.25, 12.5], "texture": "#0"},
				"west": {"uv": [12.5, 15, 12.75, 15.25], "texture": "#0"},
				"up": {"uv": [15.25, 12.75, 15, 12.5], "texture": "#0"},
				"down": {"uv": [13, 15, 12.75, 15.25], "texture": "#0"}
			}
		},
		{
			"from": [1, 2, 1],
			"to": [15, 10, 15],
			"rotation": {"angle": 0, "axis": "y", "origin": [0, -7, 0]},
			"faces": {
				"north": {"uv": [6.75, 8, 10.25, 10], "texture": "#0"},
				"east": {"uv": [6.75, 10, 10.25, 12], "texture": "#0"},
				"south": {"uv": [10.25, 6.75, 13.75, 8.75], "texture": "#0"},
				"west": {"uv": [10.25, 8.75, 13.75, 10.75], "texture": "#0"},
				"up": {"uv": [3.5, 11.5, 0, 8], "texture": "#0"},
				"down": {"uv": [11.5, 0, 8, 3.5], "texture": "#0"}
			}
		},
		{
			"from": [1.5, 3, 1.5],
			"to": [14.5, 10.75, 14.5],
			"rotation": {"angle": 0, "axis": "y", "origin": [-0.5, -6, -0.5]},
			"faces": {
				"north": {"uv": [10.25, 10.75, 13.5, 12.75], "texture": "#0"},
				"east": {"uv": [3.5, 11.25, 6.75, 13.25], "texture": "#0"},
				"south": {"uv": [11.25, 3.5, 14.5, 5.5], "texture": "#0"},
				"west": {"uv": [0, 11.5, 3.25, 13.5], "texture": "#0"},
				"up": {"uv": [6.75, 11.25, 3.5, 8], "texture": "#0"},
				"down": {"uv": [11.25, 3.5, 8, 6.75], "texture": "#0"}
			}
		}
	],
	"groups": [
		{
			"name": "group",
			"origin": [-13.5, 2, 13.5],
			"color": 0,
			"children": [0, 1, 2, 3, 4, 5, 6, 7, 8, 9, 10, 11, 12, 13, 14, 15, 16, 17, 18, 19, 20, 21, 22, 23, 24, 25, 26]
		}
	]
}