{
	"format_version": "1.9.0",
	"credit": "Made with Blockbench",
	"texture_size": [64, 64],
	"textures": {
		"0": "item/custom/items/wyrzutnia1",
		"particle": "item/custom/items/wyrzutnia1"
	},
	"elements": [
		{
			"from": [16, 2, 5],
			"to": [18, 8, 11],
			"rotation": {"angle": 0, "axis": "y", "origin": [16, 2, 5]},
			"faces": {
				"north": {"uv": [3.5, 7, 4, 8.5], "texture": "#0"},
				"east": {"uv": [4, 3, 5.5, 4.5], "texture": "#0"},
				"south": {"uv": [4, 7.5, 4.5, 9], "texture": "#0"},
				"west": {"uv": [0, 4.5, 1.5, 6], "texture": "#0"},
				"up": {"uv": [5, 9, 4.5, 7.5], "texture": "#0"},
				"down": {"uv": [5.5, 7.5, 5, 9], "texture": "#0"}
			}
		},
		{
			"from": [14, 3, 6],
			"to": [16, 7, 10],
			"rotation": {"angle": 0, "axis": "y", "origin": [14, 2, 5]},
			"faces": {
				"north": {"uv": [8, 0, 8.5, 1], "texture": "#0"},
				"east": {"uv": [1.5, 7, 2.5, 8], "texture": "#0"},
				"south": {"uv": [8, 1, 8.5, 2], "texture": "#0"},
				"west": {"uv": [2.5, 7, 3.5, 8], "texture": "#0"},
				"up": {"uv": [2, 9, 1.5, 8], "texture": "#0"},
				"down": {"uv": [2.5, 8, 2, 9], "texture": "#0"}
			}
		},
		{
			"from": [10, -2, 7],
			"to": [12, 3, 9],
			"rotation": {"angle": -22.5, "axis": "z", "origin": [11, 0.5, 8]},
			"faces": {
				"north": {"uv": [0.5, 7.75, 1, 9], "texture": "#0"},
				"east": {"uv": [1, 7.75, 1.5, 9], "texture": "#0"},
				"south": {"uv": [7, 7.75, 7.5, 9], "texture": "#0"},
				"west": {"uv": [7.5, 7.75, 8, 9], "texture": "#0"},
				"up": {"uv": [8.5, 7.75, 8, 7.25], "texture": "#0"},
				"down": {"uv": [8.5, 7.75, 8, 8.25], "texture": "#0"}
			}
		},
		{
			"from": [6, 2, 5],
			"to": [14, 8, 11],
			"rotation": {"angle": 0, "axis": "y", "origin": [12, 2, 5]},
			"faces": {
				"north": {"uv": [0, 0, 2, 1.5], "texture": "#0"},
				"east": {"uv": [1.5, 4.5, 3, 6], "texture": "#0"},
				"south": {"uv": [0, 1.5, 2, 3], "texture": "#0"},
				"west": {"uv": [3, 4.5, 4.5, 6], "texture": "#0"},
				"up": {"uv": [4, 1.5, 2, 0], "texture": "#0"},
				"down": {"uv": [4, 1.5, 2, 3], "texture": "#0"}
			}
		},
		{
			"from": [2, 4, 10],
			"to": [6, 6, 11],
			"rotation": {"angle": 0, "axis": "y", "origin": [5, 2, 5]},
			"faces": {
				"north": {"uv": [7, 3.75, 8, 4.25], "texture": "#0"},
				"east": {"uv": [8.5, 1.25, 8.75, 1.75], "texture": "#0"},
				"south": {"uv": [7.5, 6, 8.5, 6.5], "texture": "#0"},
				"west": {"uv": [2.5, 8.5, 2.75, 9], "texture": "#0"},
				"up": {"uv": [7, 3, 6, 2.75], "texture": "#0"},
				"down": {"uv": [9, 5.75, 8, 6], "texture": "#0"}
			}
		},
		{
			"from": [2, 4, 5],
			"to": [6, 6, 6],
			"rotation": {"angle": 0, "axis": "y", "origin": [5, 2, 0]},
			"faces": {
				"north": {"uv": [8, 2.5, 9, 3], "texture": "#0"},
				"east": {"uv": [8.5, 7.25, 8.75, 7.75], "texture": "#0"},
				"south": {"uv": [8, 3, 9, 3.5], "texture": "#0"},
				"west": {"uv": [8.5, 7.75, 8.75, 8.25], "texture": "#0"},
				"up": {"uv": [9.5, 0.5, 8.5, 0.25], "texture": "#0"},
				"down": {"uv": [9.5, 0.5, 8.5, 0.75], "texture": "#0"}
			}
		},
		{
			"from": [0, 2, 5],
			"to": [2, 8, 11],
			"rotation": {"angle": 0, "axis": "y", "origin": [3, 2, 5]},
			"faces": {
				"north": {"uv": [5.5, 7.5, 6, 9], "texture": "#0"},
				"east": {"uv": [4.5, 4.5, 6, 6], "texture": "#0"},
				"south": {"uv": [6, 7.5, 6.5, 9], "texture": "#0"},
				"west": {"uv": [5.5, 3, 7, 4.5], "texture": "#0"},
				"up": {"uv": [7, 9, 6.5, 7.5], "texture": "#0"},
				"down": {"uv": [0.5, 7.75, 0, 9.25], "texture": "#0"}
			}
		},
		{
			"from": [-2, 3, 6],
			"to": [6, 7, 10],
			"rotation": {"angle": 0, "axis": "y", "origin": [4, 2, 5]},
			"faces": {
				"north": {"uv": [0, 6, 2, 7], "texture": "#0"},
				"east": {"uv": [7, 2.75, 8, 3.75], "texture": "#0"},
				"south": {"uv": [6, 0, 8, 1], "texture": "#0"},
				"west": {"uv": [7, 6.75, 8, 7.75], "texture": "#0"},
				"up": {"uv": [8, 2, 6, 1], "texture": "#0"},
				"down": {"uv": [4, 6, 2, 7], "texture": "#0"}
			}
		},
		{
			"from": [7, 8, 7],
			"to": [11, 9, 9],
			"rotation": {"angle": 0, "axis": "y", "origin": [9, 8, 5]},
			"faces": {
				"north": {"uv": [8, 8.25, 9, 8.5], "texture": "#0"},
				"east": {"uv": [8.5, 1.75, 9, 2], "texture": "#0"},
				"south": {"uv": [8.5, 0, 9.5, 0.25], "texture": "#0"},
				"west": {"uv": [2.75, 8.5, 3.25, 8.75], "texture": "#0"},
				"up": {"uv": [9, 2.5, 8, 2], "texture": "#0"},
				"down": {"uv": [3.5, 8, 2.5, 8.5], "texture": "#0"}
			}
		},
		{
			"from": [10.25, 10, 8.75],
			"to": [11.25, 12, 9.75],
			"rotation": {"angle": 0, "axis": "y", "origin": [11.25, 10, 4.75]},
			"faces": {
				"north": {"uv": [3.25, 8.5, 3.5, 9], "texture": "#0"},
				"east": {"uv": [3.5, 8.5, 3.75, 9], "texture": "#0"},
				"south": {"uv": [3.75, 8.5, 4, 9], "texture": "#0"},
				"west": {"uv": [8.5, 6, 8.75, 6.5], "texture": "#0"},
				"up": {"uv": [8.75, 8.75, 8.5, 8.5], "texture": "#0"},
				"down": {"uv": [9, 1.25, 8.75, 1.5], "texture": "#0"}
			}
		},
		{
			"from": [7.75, 10.5, 7.25],
			"to": [10.75, 12.5, 8.25],
			"rotation": {"angle": 0, "axis": "y", "origin": [10.75, 10.5, 3.25]},
			"faces": {
				"north": {"uv": [8, 5.25, 8.75, 5.75], "texture": "#0"},
				"east": {"uv": [8, 8.5, 8.25, 9], "texture": "#0"},
				"south": {"uv": [8, 6.75, 8.75, 7.25], "texture": "#0"},
				"west": {"uv": [8.25, 8.5, 8.5, 9], "texture": "#0"},
				"up": {"uv": [9.25, 1, 8.5, 0.75], "texture": "#0"},
				"down": {"uv": [9.25, 1, 8.5, 1.25], "texture": "#0"}
			}
		},
		{
			"from": [6.25, 10, 6.25],
			"to": [7.25, 11, 7.25],
			"rotation": {"angle": 0, "axis": "y", "origin": [7.25, 10, 2.25]},
			"faces": {
				"north": {"uv": [8.75, 1.5, 9, 1.75], "texture": "#0"},
				"east": {"uv": [2.75, 8.75, 3, 9], "texture": "#0"},
				"south": {"uv": [3, 8.75, 3.25, 9], "texture": "#0"},
				"west": {"uv": [8.75, 5.25, 9, 5.5], "texture": "#0"},
				"up": {"uv": [9, 5.75, 8.75, 5.5], "texture": "#0"},
				"down": {"uv": [9, 6, 8.75, 6.25], "texture": "#0"}
			}
		},
		{
			"from": [5, 9, 5],
			"to": [13, 10, 11],
			"rotation": {"angle": 0, "axis": "y", "origin": [10, 9, 5]},
			"faces": {
				"north": {"uv": [8, 3.5, 10, 3.75], "texture": "#0"},
				"east": {"uv": [8, 4.75, 9.5, 5], "texture": "#0"},
				"south": {"uv": [8, 3.75, 10, 4], "texture": "#0"},
				"west": {"uv": [8, 5, 9.5, 5.25], "texture": "#0"},
				"up": {"uv": [6, 1.5, 4, 0], "texture": "#0"},
				"down": {"uv": [6, 1.5, 4, 3], "texture": "#0"}
			}
		},
		{
			"from": [5, 13, 5],
			"to": [13, 14, 11],
			"rotation": {"angle": 0, "axis": "y", "origin": [10, 13, 5]},
			"faces": {
				"north": {"uv": [7, 4.25, 9, 4.5], "texture": "#0"},
				"east": {"uv": [8, 4, 9.5, 4.25], "texture": "#0"},
				"south": {"uv": [7.5, 6.5, 9.5, 6.75], "texture": "#0"},
				"west": {"uv": [8, 4.5, 9.5, 4.75], "texture": "#0"},
				"up": {"uv": [2, 4.5, 0, 3], "texture": "#0"},
				"down": {"uv": [4, 3, 2, 4.5], "texture": "#0"}
			}
		},
		{
			"from": [5, 10, 11],
			"to": [13, 13, 11],
			"rotation": {"angle": 0, "axis": "y", "origin": [10, 10, 10]},
			"faces": {
				"north": {"uv": [6, 2, 8, 2.75], "texture": "#0"},
				"east": {"uv": [0, 0, 0, 0.75], "texture": "#0"},
				"south": {"uv": [4, 6, 6, 6.75], "texture": "#0"},
				"west": {"uv": [0, 0, 0, 0.75], "texture": "#0"},
				"up": {"uv": [2, 0, 0, 0], "texture": "#0"},
				"down": {"uv": [2, 0, 0, 0], "texture": "#0"}
			}
		},
		{
			"from": [5, 10, 5],
			"to": [5, 13, 11],
			"rotation": {"angle": 0, "axis": "y", "origin": [10, 10, 9]},
			"faces": {
				"north": {"uv": [0, 0, 0, 0.75], "texture": "#0"},
				"east": {"uv": [6, 6, 7.5, 6.75], "texture": "#0"},
				"south": {"uv": [0, 0, 0, 0.75], "texture": "#0"},
				"west": {"uv": [4, 6.75, 5.5, 7.5], "texture": "#0"},
				"up": {"uv": [0, 1.5, 0, 0], "texture": "#0"},
				"down": {"uv": [0, 0, 0, 1.5], "texture": "#0"}
			}
		},
		{
			"from": [13, 10, 5],
			"to": [13, 13, 11],
			"rotation": {"angle": 0, "axis": "y", "origin": [18, 10, 9]},
			"faces": {
				"north": {"uv": [0, 0, 0, 0.75], "texture": "#0"},
				"east": {"uv": [5.5, 6.75, 7, 7.5], "texture": "#0"},
				"south": {"uv": [0, 0, 0, 0.75], "texture": "#0"},
				"west": {"uv": [0, 7, 1.5, 7.75], "texture": "#0"},
				"up": {"uv": [0, 1.5, 0, 0], "texture": "#0"},
				"down": {"uv": [0, 0, 0, 1.5], "texture": "#0"}
			}
		},
		{
			"from": [5, 10, 5],
			"to": [13, 13, 5],
			"rotation": {"angle": 0, "axis": "y", "origin": [10, 10, 4]},
			"faces": {
				"north": {"uv": [6, 4.5, 8, 5.25], "texture": "#0"},
				"east": {"uv": [0, 0, 0, 0.75], "texture": "#0"},
				"south": {"uv": [6, 5.25, 8, 6], "texture": "#0"},
				"west": {"uv": [0, 0, 0, 0.75], "texture": "#0"},
				"up": {"uv": [2, 0, 0, 0], "texture": "#0"},
				"down": {"uv": [2, 0, 0, 0], "texture": "#0"}
			}
		}
	],
	"gui_light": "front",
	"display": {
		"thirdperson_righthand": {
			"rotation": [0, 90, 0],
			"translation": [0, 5, 3.75],
			"scale": [0.8, 0.8, 0.8]
		},
		"thirdperson_lefthand": {
			"rotation": [0, -91, 0],
			"translation": [0, 5, 3.75],
			"scale": [0.8, 0.8, 0.8]
		},
		"firstperson_righthand": {
			"rotation": [0, 85, 0]
		},
		"firstperson_lefthand": {
			"rotation": [0, -97, 0]
		},
		"ground": {
			"rotation": [21, 0, 0],
			"translation": [0, -0.25, -2],
			"scale": [0.7, 0.7, 0.7]
		},
		"gui": {
			"translation": [0, 1.5, 0],
			"scale": [0.77, 0.78, 0.74]
		},
		"fixed": {
			"translation": [0, 1.25, 0]
		}
	}
}