{
	"format_version": "1.9.0",
	"credit": "Made with Blockbench",
	"texture_size": [128, 128],
	"textures": {
		"0": "modelengine:entity/santa_chest",
		"particle": "modelengine:entity/santa_chest"
	},
	"elements": [
		{
			"from": [-0.5, 2, -0.5],
			"to": [3.5, 4, 3.5],
			"rotation": {"angle": 0, "axis": "y", "origin": [-13.5, 0, -13.5]},
			"faces": {
				"north": {"uv": [1.625, 9, 2.125, 9.25], "texture": "#0"},
				"east": {"uv": [9, 1.625, 9.5, 1.875], "texture": "#0"},
				"south": {"uv": [2.125, 9, 2.625, 9.25], "texture": "#0"},
				"west": {"uv": [2.625, 9, 3.125, 9.25], "texture": "#0"},
				"up": {"uv": [6.75, 3.75, 6.25, 3.25], "texture": "#0"},
				"down": {"uv": [3.375, 8.5, 2.875, 9], "texture": "#0"}
			}
		},
		{
			"from": [-1, 0, -1],
			"to": [17, 2, 17],
			"faces": {
				"north": {"uv": [6.75, 7.625, 9, 7.875], "texture": "#0"},
				"east": {"uv": [6.75, 7.875, 9, 8.125], "texture": "#0"},
				"south": {"uv": [8, 1.875, 10.25, 2.125], "texture": "#0"},
				"west": {"uv": [8, 2.125, 10.25, 2.375], "texture": "#0"},
				"up": {"uv": [2.25, 2.25, 0, 0], "texture": "#0"},
				"down": {"uv": [2.25, 2.25, 0, 4.5], "texture": "#0"}
			}
		},
		{
			"from": [1, 0, 1],
			"to": [15, 10, 15],
			"faces": {
				"north": {"uv": [5.25, 5.25, 7, 6.5], "texture": "#0"},
				"east": {"uv": [2, 6.25, 3.75, 7.5], "texture": "#0"},
				"south": {"uv": [6.25, 2, 8, 3.25], "texture": "#0"},
				"west": {"uv": [0, 6.5, 1.75, 7.75], "texture": "#0"},
				"up": {"uv": [3.75, 6.25, 2, 4.5], "texture": "#0"},
				"down": {"uv": [6.25, 2, 4.5, 3.75], "texture": "#0"}
			}
		},
		{
			"from": [0, 11, 0],
			"to": [16, 16, 16],
			"rotation": {"angle": 0, "axis": "y", "origin": [8, 13, 8]},
			"faces": {
				"north": {"uv": [6.5, 0, 8.5, 0.625], "texture": "#0"},
				"east": {"uv": [6.5, 0.625, 8.5, 1.25], "texture": "#0"},
				"south": {"uv": [6.5, 1.25, 8.5, 1.875], "texture": "#0"},
				"west": {"uv": [3.75, 6.5, 5.75, 7.125], "texture": "#0"},
				"up": {"uv": [2, 6.5, 0, 4.5], "texture": "#0"},
				"down": {"uv": [6.5, 0, 4.5, 2], "texture": "#0"}
			}
		},
		{
			"from": [13, 2, 13],
			"to": [16, 10, 16],
			"faces": {
				"north": {"uv": [8.25, 3.375, 8.625, 4.375], "texture": "#0"},
				"east": {"uv": [4.5, 8.375, 4.875, 9.375], "texture": "#0"},
				"south": {"uv": [4.875, 8.375, 5.25, 9.375], "texture": "#0"},
				"west": {"uv": [5.25, 8.375, 5.625, 9.375], "texture": "#0"},
				"up": {"uv": [3.75, 8.875, 3.375, 8.5], "texture": "#0"},
				"down": {"uv": [9.25, 0.5, 8.875, 0.875], "texture": "#0"}
			}
		},
		{
			"from": [0, 2, 13],
			"to": [3, 10, 16],
			"rotation": {"angle": 0, "axis": "y", "origin": [-13, 0, 0]},
			"faces": {
				"north": {"uv": [5.625, 8.375, 6, 9.375], "texture": "#0"},
				"east": {"uv": [6, 8.375, 6.375, 9.375], "texture": "#0"},
				"south": {"uv": [6.375, 8.375, 6.75, 9.375], "texture": "#0"},
				"west": {"uv": [6.75, 8.375, 7.125, 9.375], "texture": "#0"},
				"up": {"uv": [3.75, 9.25, 3.375, 8.875], "texture": "#0"},
				"down": {"uv": [4.125, 8.875, 3.75, 9.25], "texture": "#0"}
			}
		},
		{
			"from": [0, 2, 0],
			"to": [3, 10, 3],
			"rotation": {"angle": 0, "axis": "y", "origin": [-13, 0, -13]},
			"faces": {
				"north": {"uv": [7.125, 8.375, 7.5, 9.375], "texture": "#0"},
				"east": {"uv": [7.5, 8.375, 7.875, 9.375], "texture": "#0"},
				"south": {"uv": [7.875, 8.375, 8.25, 9.375], "texture": "#0"},
				"west": {"uv": [8.25, 8.375, 8.625, 9.375], "texture": "#0"},
				"up": {"uv": [4.5, 9.25, 4.125, 8.875], "texture": "#0"},
				"down": {"uv": [9, 8.875, 8.625, 9.25], "texture": "#0"}
			}
		},
		{
			"from": [13, 2, 0],
			"to": [16, 10, 3],
			"rotation": {"angle": 0, "axis": "y", "origin": [0, 0, -13]},
			"faces": {
				"north": {"uv": [0, 8.5, 0.375, 9.5], "texture": "#0"},
				"east": {"uv": [8.5, 0, 8.875, 1], "texture": "#0"},
				"south": {"uv": [0.375, 8.5, 0.75, 9.5], "texture": "#0"},
				"west": {"uv": [0.75, 8.5, 1.125, 9.5], "texture": "#0"},
				"up": {"uv": [9.375, 1.25, 9, 0.875], "texture": "#0"},
				"down": {"uv": [9.375, 1.25, 9, 1.625], "texture": "#0"}
			}
		},
		{
			"from": [2, 12.7, 1.7],
			"to": [14, 18.7, 13.7],
			"rotation": {"angle": -22.5, "axis": "x", "origin": [8, 15.7, 7.7]},
			"faces": {
				"north": {"uv": [5.75, 6.5, 7.25, 7.25], "texture": "#0"},
				"east": {"uv": [6.75, 3.25, 8.25, 4], "texture": "#0"},
				"south": {"uv": [6.75, 4, 8.25, 4.75], "texture": "#0"},
				"west": {"uv": [7, 4.75, 8.5, 5.5], "texture": "#0"},
				"up": {"uv": [5.25, 6, 3.75, 4.5], "texture": "#0"},
				"down": {"uv": [6.75, 3.75, 5.25, 5.25], "texture": "#0"}
			}
		},
		{
			"from": [4, 15, 3.1],
			"to": [12, 21, 11.1],
			"rotation": {"angle": -45, "axis": "x", "origin": [8, 18, 7.1]},
			"faces": {
				"north": {"uv": [1.75, 7.5, 2.75, 8.25], "texture": "#0"},
				"east": {"uv": [2.75, 7.5, 3.75, 8.25], "texture": "#0"},
				"south": {"uv": [4.75, 7.625, 5.75, 8.375], "texture": "#0"},
				"west": {"uv": [5.75, 7.625, 6.75, 8.375], "texture": "#0"},
				"up": {"uv": [8, 6.5, 7, 5.5], "texture": "#0"},
				"down": {"uv": [4.75, 7.125, 3.75, 8.125], "texture": "#0"}
			}
		},
		{
			"from": [6, 15, -0.2],
			"to": [10, 19, 5.8],
			"rotation": {"angle": 22.5, "axis": "x", "origin": [8, 17, 11.8]},
			"faces": {
				"north": {"uv": [8.5, 4.375, 9, 4.875], "texture": "#0"},
				"east": {"uv": [3.75, 6, 4.5, 6.5], "texture": "#0"},
				"south": {"uv": [8.5, 4.875, 9, 5.375], "texture": "#0"},
				"west": {"uv": [4.5, 6, 5.25, 6.5], "texture": "#0"},
				"up": {"uv": [9, 1.75, 8.5, 1], "texture": "#0"},
				"down": {"uv": [1.625, 8.5, 1.125, 9.25], "texture": "#0"}
			}
		},
		{
			"from": [5, 18.44415, -0.91492],
			"to": [11, 24.44415, 5.08508],
			"rotation": {"angle": -22.5, "axis": "x", "origin": [8, 21.44415, 1.08508]},
			"faces": {
				"north": {"uv": [4.5, 3.75, 5.25, 4.5], "texture": "#0"},
				"east": {"uv": [0, 7.75, 0.75, 8.5], "texture": "#0"},
				"south": {"uv": [0.75, 7.75, 1.5, 8.5], "texture": "#0"},
				"west": {"uv": [8, 2.375, 8.75, 3.125], "texture": "#0"},
				"up": {"uv": [8.75, 6.25, 8, 5.5], "texture": "#0"},
				"down": {"uv": [4.5, 8.125, 3.75, 8.875], "texture": "#0"}
			}
		},
		{
			"from": [-1, 10, -1],
			"to": [17, 12, 17],
			"rotation": {"angle": 0, "axis": "y", "origin": [8, 13, 8]},
			"faces": {
				"north": {"uv": [8, 6.25, 10.25, 6.5], "texture": "#0"},
				"east": {"uv": [6.75, 8.125, 9, 8.375], "texture": "#0"},
				"south": {"uv": [1.5, 8.25, 3.75, 8.5], "texture": "#0"},
				"west": {"uv": [8.25, 3.125, 10.5, 3.375], "texture": "#0"},
				"up": {"uv": [4.5, 2.25, 2.25, 0], "texture": "#0"},
				"down": {"uv": [4.5, 2.25, 2.25, 4.5], "texture": "#0"}
			}
		},
		{
			"from": [5.5, 9, 16],
			"to": [10.5, 10, 16],
			"rotation": {"angle": 0, "axis": "y", "origin": [6.5, 8, 16]},
			"faces": {
				"north": {"uv": [6.5, 1.875, 7.125, 2], "texture": "#0"},
				"east": {"uv": [0, 0, 0, 0.125], "texture": "#0"},
				"south": {"uv": [7.125, 1.875, 7.75, 2], "texture": "#0"},
				"west": {"uv": [0, 0, 0, 0.125], "texture": "#0"},
				"up": {"uv": [0.625, 0, 0, 0], "texture": "#0"},
				"down": {"uv": [0.625, 0, 0, 0], "texture": "#0"}
			}
		},
		{
			"from": [-0.5, 7, -1],
			"to": [-0.5, 10, 17],
			"rotation": {"angle": 0, "axis": "y", "origin": [-0.5, 8, 0]},
			"faces": {
				"north": {"uv": [0, 0, 0, 0.375], "texture": "#0"},
				"east": {"uv": [4.75, 7.25, 7, 7.625], "texture": "#0"},
				"south": {"uv": [0, 0, 0, 0.375], "texture": "#0"},
				"west": {"uv": [7.25, 6.5, 9.5, 6.875], "texture": "#0"},
				"up": {"uv": [0, 2.25, 0, 0], "texture": "#0"},
				"down": {"uv": [0, 0, 0, 2.25], "texture": "#0"}
			}
		},
		{
			"from": [16.5, 7, -1],
			"to": [16.5, 10, 17],
			"rotation": {"angle": 0, "axis": "y", "origin": [16.5, 8, 0]},
			"faces": {
				"north": {"uv": [0, 0, 0, 0.375], "texture": "#0"},
				"east": {"uv": [7.25, 6.875, 9.5, 7.25], "texture": "#0"},
				"south": {"uv": [0, 0, 0, 0.375], "texture": "#0"},
				"west": {"uv": [7, 7.25, 9.25, 7.625], "texture": "#0"},
				"up": {"uv": [0, 2.25, 0, 0], "texture": "#0"},
				"down": {"uv": [0, 0, 0, 2.25], "texture": "#0"}
			}
		},
		{
			"from": [-0.5, 2, 12.5],
			"to": [3.5, 4, 16.5],
			"rotation": {"angle": 0, "axis": "y", "origin": [-13.5, 0, -0.5]},
			"faces": {
				"north": {"uv": [9, 4.375, 9.5, 4.625], "texture": "#0"},
				"east": {"uv": [9, 4.625, 9.5, 4.875], "texture": "#0"},
				"south": {"uv": [9, 4.875, 9.5, 5.125], "texture": "#0"},
				"west": {"uv": [9, 5.125, 9.5, 5.375], "texture": "#0"},
				"up": {"uv": [9.125, 3.875, 8.625, 3.375], "texture": "#0"},
				"down": {"uv": [9.125, 3.875, 8.625, 4.375], "texture": "#0"}
			}
		},
		{
			"from": [12.5, 2, 12.5],
			"to": [16.5, 4, 16.5],
			"rotation": {"angle": 0, "axis": "y", "origin": [-0.5, 0, -0.5]},
			"faces": {
				"north": {"uv": [9, 7.625, 9.5, 7.875], "texture": "#0"},
				"east": {"uv": [9, 7.875, 9.5, 8.125], "texture": "#0"},
				"south": {"uv": [9, 8.125, 9.5, 8.375], "texture": "#0"},
				"west": {"uv": [9, 8.875, 9.5, 9.125], "texture": "#0"},
				"up": {"uv": [9.125, 8.875, 8.625, 8.375], "texture": "#0"},
				"down": {"uv": [9.25, 2.375, 8.75, 2.875], "texture": "#0"}
			}
		},
		{
			"from": [12.5, 2, -0.5],
			"to": [16.5, 4, 3.5],
			"rotation": {"angle": 0, "axis": "y", "origin": [-0.5, 0, -13.5]},
			"faces": {
				"north": {"uv": [9.125, 3.375, 9.625, 3.625], "texture": "#0"},
				"east": {"uv": [9.125, 3.625, 9.625, 3.875], "texture": "#0"},
				"south": {"uv": [9.125, 3.875, 9.625, 4.125], "texture": "#0"},
				"west": {"uv": [9.125, 4.125, 9.625, 4.375], "texture": "#0"},
				"up": {"uv": [9.25, 5.875, 8.75, 5.375], "texture": "#0"},
				"down": {"uv": [9.375, 0, 8.875, 0.5], "texture": "#0"}
			}
		},
		{
			"from": [5.5, 5, 15],
			"to": [10.5, 9, 17],
			"rotation": {"angle": 0, "axis": "y", "origin": [6.5, 8, 15]},
			"faces": {
				"north": {"uv": [1.625, 8.5, 2.25, 9], "texture": "#0"},
				"east": {"uv": [1.75, 6.5, 2, 7], "texture": "#0"},
				"south": {"uv": [2.25, 8.5, 2.875, 9], "texture": "#0"},
				"west": {"uv": [6.75, 4.75, 7, 5.25], "texture": "#0"},
				"up": {"uv": [9.375, 3.125, 8.75, 2.875], "texture": "#0"},
				"down": {"uv": [9.375, 5.875, 8.75, 6.125], "texture": "#0"}
			}
		}
	],
	"display": {
		"head": {
			"scale": [2.5, 2.5, 2.5]
		},
		"fixed": {
			"rotation": [-90, -90, 0],
			"translation": [0, 0, -8],
			"scale": [2, 2, 2]
		}
	},
	"groups": [
		{
			"name": "group",
			"origin": [-13.5, 0, -13.5],
			"color": 0,
			"children": [0, 1, 2, 3, 4, 5, 6, 7, 8, 9, 10, 11, 12, 13, 14, 15, 16, 17, 18, 19]
		}
	]
}