{
  "format_version": "1.21.6",
  "credit": "Made with Blockbench",
  "texture_size": [256, 256],
  "textures": {
    "2": "modelengine:entity/texture_oneblock"
  },
  "elements": [
    {
      "name": "bb_main",
      "from": [-14, -4.95, 6.9],
      "to": [30, -2.75, 9.1],
      "rotation": {"angle": 0, "axis": "y", "origin": [8, -11, 8]},
      "faces": {
        "north": {"uv": [0, 4.25, 5, 4.5], "texture": "#2"},
        "east": {"uv": [5.375, 2, 5.625, 2.25], "texture": "#2"},
        "south": {"uv": [0, 4.5, 5, 4.75], "texture": "#2"},
        "west": {"uv": [5.375, 3.6875, 5.625, 3.9375], "texture": "#2"},
        "up": {"uv": [9.5, 0.25, 4.5, 0], "texture": "#2"},
        "down": {"uv": [9.5, 0.25, 4.5, 0.5], "texture": "#2"}
      }
    },
    {
      "name": "bb_main",
      "from": [-14, 15.4, 6.9],
      "to": [30, 17.6, 9.1],
      "rotation": {"angle": 0, "axis": "y", "origin": [8, -11, 8]},
      "faces": {
        "north": {"uv": [4.5, 0.5, 9.5, 0.75], "texture": "#2"},
        "east": {"uv": [5.4375, 3.9375, 5.6875, 4.1875], "texture": "#2"},
        "south": {"uv": [4.5, 0.75, 9.5, 1], "texture": "#2"},
        "west": {"uv": [5.4375, 4.1875, 5.6875, 4.4375], "texture": "#2"},
        "up": {"uv": [9.5, 1.25, 4.5, 1], "texture": "#2"},
        "down": {"uv": [9.5, 1.25, 4.5, 1.5], "texture": "#2"}
      }
    },
    {
      "name": "bb_main",
      "from": [27.8, -2.75, 6.9],
      "to": [30, 15.4, 9.1],
      "rotation": {"angle": 0, "axis": "y", "origin": [8, -11, 8]},
      "faces": {
        "north": {"uv": [4.5, 1.75, 4.75, 3.8125], "texture": "#2"},
        "east": {"uv": [0, 4.75, 0.25, 6.8125], "texture": "#2"},
        "south": {"uv": [0.25, 4.75, 0.5, 6.8125], "texture": "#2"},
        "west": {"uv": [0.5, 4.75, 0.75, 6.8125], "texture": "#2"},
        "up": {"uv": [2, 5.75, 1.75, 5.5], "texture": "#2"},
        "down": {"uv": [2.25, 5.5, 2, 5.75], "texture": "#2"}
      }
    },
    {
      "name": "bb_main",
      "from": [-14, -2.75, 6.9],
      "to": [-11.8, 15.4, 9.1],
      "rotation": {"angle": 0, "axis": "y", "origin": [8, -11, 8]},
      "faces": {
        "north": {"uv": [0.75, 4.75, 1, 6.8125], "texture": "#2"},
        "east": {"uv": [1, 4.75, 1.25, 6.8125], "texture": "#2"},
        "south": {"uv": [1.25, 4.75, 1.5, 6.8125], "texture": "#2"},
        "west": {"uv": [1.5, 4.75, 1.75, 6.8125], "texture": "#2"},
        "up": {"uv": [5.75, 4.6875, 5.5, 4.4375], "texture": "#2"},
        "down": {"uv": [5.75, 4.6875, 5.5, 4.9375], "texture": "#2"}
      }
    },
    {
      "name": "bb_main",
      "from": [-15.65, 15.4, 6.35],
      "to": [-11.8, 19.25, 9.65],
      "rotation": {"angle": 0, "axis": "y", "origin": [8, -11, 8]},
      "faces": {
        "north": {"uv": [4.5, 3.8125, 4.9375, 4.25], "texture": "#2"},
        "east": {"uv": [4.375, 4.75, 4.75, 5.1875], "texture": "#2"},
        "south": {"uv": [4.75, 2.375, 5.1875, 2.8125], "texture": "#2"},
        "west": {"uv": [4.75, 4.75, 5.125, 5.1875], "texture": "#2"},
        "up": {"uv": [5.375, 4.0625, 4.9375, 3.6875], "texture": "#2"},
        "down": {"uv": [5.4375, 4.0625, 5, 4.4375], "texture": "#2"}
      }
    },
    {
      "name": "bb_main",
      "from": [27.8, 15.4, 6.35],
      "to": [31.65, 19.25, 9.65],
      "rotation": {"angle": 0, "axis": "y", "origin": [8, -11, 8]},
      "faces": {
        "north": {"uv": [2.625, 4.75, 3.0625, 5.1875], "texture": "#2"},
        "east": {"uv": [5.125, 4.4375, 5.5, 4.875], "texture": "#2"},
        "south": {"uv": [4.75, 2.8125, 5.1875, 3.25], "texture": "#2"},
        "west": {"uv": [5.125, 4.875, 5.5, 5.3125], "texture": "#2"},
        "up": {"uv": [5.625, 2.75, 5.1875, 2.375], "texture": "#2"},
        "down": {"uv": [3.0625, 5.1875, 2.625, 5.5625], "texture": "#2"}
      }
    },
    {
      "name": "bb_main",
      "from": [27.8, -6.6, 6.35],
      "to": [31.65, -2.75, 9.65],
      "rotation": {"angle": 0, "axis": "y", "origin": [8, -11, 8]},
      "faces": {
        "north": {"uv": [3.0625, 4.75, 3.5, 5.1875], "texture": "#2"},
        "east": {"uv": [5.1875, 2.75, 5.5625, 3.1875], "texture": "#2"},
        "south": {"uv": [4.75, 3.25, 5.1875, 3.6875], "texture": "#2"},
        "west": {"uv": [3.0625, 5.1875, 3.4375, 5.625], "texture": "#2"},
        "up": {"uv": [5.625, 3.5625, 5.1875, 3.1875], "texture": "#2"},
        "down": {"uv": [3.875, 5.1875, 3.4375, 5.5625], "texture": "#2"}
      }
    },
    {
      "name": "bb_main",
      "from": [-15.65, -6.6, 6.35],
      "to": [-11.8, -2.75, 9.65],
      "rotation": {"angle": 0, "axis": "y", "origin": [8, -11, 8]},
      "faces": {
        "north": {"uv": [3.5, 4.75, 3.9375, 5.1875], "texture": "#2"},
        "east": {"uv": [3.875, 5.1875, 4.25, 5.625], "texture": "#2"},
        "south": {"uv": [3.9375, 4.75, 4.375, 5.1875], "texture": "#2"},
        "west": {"uv": [4.25, 5.1875, 4.625, 5.625], "texture": "#2"},
        "up": {"uv": [5.0625, 5.5625, 4.625, 5.1875], "texture": "#2"},
        "down": {"uv": [5.5, 5.3125, 5.0625, 5.6875], "texture": "#2"}
      }
    },
    {
      "name": "bb_main",
      "from": [25.6, -2.75, 6.9],
      "to": [27.8, -0.55, 9.1],
      "rotation": {"angle": 0, "axis": "y", "origin": [8, -11, 8]},
      "faces": {
        "north": {"uv": [5.5, 4.9375, 5.75, 5.1875], "texture": "#2"},
        "east": {"uv": [5.5, 5.1875, 5.75, 5.4375], "texture": "#2"},
        "south": {"uv": [5.5, 5.4375, 5.75, 5.6875], "texture": "#2"},
        "west": {"uv": [2.625, 5.5625, 2.875, 5.8125], "texture": "#2"},
        "up": {"uv": [5.8125, 3, 5.5625, 2.75], "texture": "#2"},
        "down": {"uv": [3.6875, 5.5625, 3.4375, 5.8125], "texture": "#2"}
      }
    },
    {
      "name": "bb_main",
      "from": [-11.8, -2.75, 6.9],
      "to": [-9.6, -0.55, 9.1],
      "rotation": {"angle": 0, "axis": "y", "origin": [8, -11, 8]},
      "faces": {
        "north": {"uv": [4.625, 5.5625, 4.875, 5.8125], "texture": "#2"},
        "east": {"uv": [5.625, 2, 5.875, 2.25], "texture": "#2"},
        "south": {"uv": [5.625, 2.25, 5.875, 2.5], "texture": "#2"},
        "west": {"uv": [5.625, 2.5, 5.875, 2.75], "texture": "#2"},
        "up": {"uv": [3.125, 5.875, 2.875, 5.625], "texture": "#2"},
        "down": {"uv": [5.875, 3, 5.625, 3.25], "texture": "#2"}
      }
    },
    {
      "name": "bb_main",
      "from": [-11.8, 13.2, 6.9],
      "to": [-9.6, 15.4, 9.1],
      "rotation": {"angle": 0, "axis": "y", "origin": [8, -11, 8]},
      "faces": {
        "north": {"uv": [3.125, 5.625, 3.375, 5.875], "texture": "#2"},
        "east": {"uv": [5.625, 3.25, 5.875, 3.5], "texture": "#2"},
        "south": {"uv": [3.6875, 5.625, 3.9375, 5.875], "texture": "#2"},
        "west": {"uv": [5.625, 3.6875, 5.875, 3.9375], "texture": "#2"},
        "up": {"uv": [4.1875, 5.875, 3.9375, 5.625], "texture": "#2"},
        "down": {"uv": [4.4375, 5.625, 4.1875, 5.875], "texture": "#2"}
      }
    },
    {
      "name": "bb_main",
      "from": [25.6, 13.2, 6.9],
      "to": [27.8, 15.4, 9.1],
      "rotation": {"angle": 0, "axis": "y", "origin": [8, -11, 8]},
      "faces": {
        "north": {"uv": [5.6875, 3.9375, 5.9375, 4.1875], "texture": "#2"},
        "east": {"uv": [5.6875, 4.1875, 5.9375, 4.4375], "texture": "#2"},
        "south": {"uv": [4.875, 5.6875, 5.125, 5.9375], "texture": "#2"},
        "west": {"uv": [5.125, 5.6875, 5.375, 5.9375], "texture": "#2"},
        "up": {"uv": [5.625, 5.9375, 5.375, 5.6875], "texture": "#2"},
        "down": {"uv": [5.875, 5.6875, 5.625, 5.9375], "texture": "#2"}
      }
    },
    {
      "name": "bb_main",
      "from": [-11.8, -3.3, 7.45],
      "to": [27.8, 15.4, 8.55],
      "rotation": {"angle": 0, "axis": "y", "origin": [8, -11, 8]},
      "faces": {
        "north": {"uv": [0, 0, 4.5, 2.125], "texture": "#2"},
        "east": {"uv": [2.375, 4.75, 2.5, 6.875], "texture": "#2"},
        "south": {"uv": [0, 2.125, 4.5, 4.25], "texture": "#2"},
        "west": {"uv": [2.5, 4.75, 2.625, 6.875], "texture": "#2"},
        "up": {"uv": [9, 1.625, 4.5, 1.5], "texture": "#2"},
        "down": {"uv": [9, 1.625, 4.5, 1.75], "texture": "#2"}
      }
    },
    {
      "name": "bb_main",
      "from": [5.25, 19.8, 5.25],
      "to": [10.75, 20.9, 10.75],
      "rotation": {"angle": 0, "axis": "y", "origin": [8, -11, 8]},
      "faces": {
        "north": {"uv": [5.1875, 3.5625, 5.8125, 3.6875], "texture": "#2"},
        "east": {"uv": [1.75, 5.375, 2.375, 5.5], "texture": "#2"},
        "south": {"uv": [5.375, 1.75, 6, 1.875], "texture": "#2"},
        "west": {"uv": [5.375, 1.875, 6, 2], "texture": "#2"},
        "up": {"uv": [2.375, 5.375, 1.75, 4.75], "texture": "#2"},
        "down": {"uv": [5.375, 1.75, 4.75, 2.375], "texture": "#2"}
      }
    },
    {
      "from": [7.45, -9.9, 7.45],
      "to": [8.55, -7.7, 8.55],
      "rotation": {"angle": 0, "axis": "y", "origin": [8, -11, 8]},
      "faces": {
        "north": {"uv": [5, 4.4375, 5.125, 4.6875], "texture": "#2"},
        "east": {"uv": [2.25, 5.5, 2.375, 5.75], "texture": "#2"},
        "south": {"uv": [2.25, 5.75, 2.375, 6], "texture": "#2"},
        "west": {"uv": [2.625, 5.8125, 2.75, 6.0625], "texture": "#2"},
        "up": {"uv": [6, 3.5, 5.875, 3.375], "texture": "#2"},
        "down": {"uv": [3.875, 5.875, 3.75, 6], "texture": "#2"}
      }
    },
    {
      "from": [6.35, -11, 7.45],
      "to": [9.65, -9.9, 8.55],
      "rotation": {"angle": 0, "axis": "y", "origin": [8, -11, 8]},
      "faces": {
        "north": {"uv": [5.75, 4.9375, 6.125, 5.0625], "texture": "#2"},
        "east": {"uv": [5.875, 3.8125, 6, 3.9375], "texture": "#2"},
        "south": {"uv": [5.75, 5.0625, 6.125, 5.1875], "texture": "#2"},
        "west": {"uv": [3.875, 5.875, 4, 6], "texture": "#2"},
        "up": {"uv": [6.125, 5.3125, 5.75, 5.1875], "texture": "#2"},
        "down": {"uv": [6.125, 5.3125, 5.75, 5.4375], "texture": "#2"}
      }
    },
    {
      "from": [6.9, -12.1, 7.45],
      "to": [9.1, -11, 8.55],
      "rotation": {"angle": 0, "axis": "y", "origin": [8, -11, 8]},
      "faces": {
        "north": {"uv": [5.375, 2.25, 5.625, 2.375], "texture": "#2"},
        "east": {"uv": [3.375, 5.9375, 3.5, 6.0625], "texture": "#2"},
        "south": {"uv": [5.8125, 2.75, 6.0625, 2.875], "texture": "#2"},
        "west": {"uv": [3.5, 5.9375, 3.625, 6.0625], "texture": "#2"},
        "up": {"uv": [6.0625, 3, 5.8125, 2.875], "texture": "#2"},
        "down": {"uv": [3.625, 5.8125, 3.375, 5.9375], "texture": "#2"}
      }
    },
    {
      "from": [7.45, -13.2, 7.45],
      "to": [8.55, -12.1, 8.55],
      "rotation": {"angle": 0, "axis": "y", "origin": [8, -11, 8]},
      "faces": {
        "north": {"uv": [4, 5.875, 4.125, 6], "texture": "#2"},
        "east": {"uv": [4.125, 5.875, 4.25, 6], "texture": "#2"},
        "south": {"uv": [4.25, 5.875, 4.375, 6], "texture": "#2"},
        "west": {"uv": [5.875, 5.625, 6, 5.75], "texture": "#2"},
        "up": {"uv": [6, 5.875, 5.875, 5.75], "texture": "#2"},
        "down": {"uv": [6, 5.875, 5.875, 6], "texture": "#2"}
      }
    },
    {
      "from": [5.25, 22.55, 5.25],
      "to": [10.75, 28.05, 10.75],
      "rotation": {"angle": 0, "axis": "y", "origin": [8, -11, 8]},
      "faces": {
        "north": {"uv": [5.875, 2, 6.5, 2.625], "texture": "#2"},
        "east": {"uv": [2.75, 5.875, 3.375, 6.5], "texture": "#2"},
        "south": {"uv": [5.9375, 3.9375, 6.5625, 4.5625], "texture": "#2"},
        "west": {"uv": [4.375, 5.9375, 5, 6.5625], "texture": "#2"},
        "up": {"uv": [5.625, 6.5625, 5, 5.9375], "texture": "#2"},
        "down": {"uv": [2.375, 6, 1.75, 6.625], "texture": "#2"}
      }
    }
  ],
  "display": {
    "head": {
      "translation": [0, 52, 0],
      "scale": [3, 3, 3]
    }
  },
  "groups": [
    {
      "name": "bb_main",
      "origin": [8, -11, 8],
      "color": 0,
      "children": [0, 1, 2, 3, 4, 5, 6, 7, 8, 9, 10, 11, 12, 13, 14, 15, 16, 17, 18]
    }
  ]
}