{
	"format_version": "1.9.0",
	"credit": "Made with Blockbench",
	"texture_size": [64, 64],
	"textures": {
		"0": "item/pumpkin2",
		"particle": "item/pumpkin2"
	},
	"elements": [
		{
			"from": [0, 0, 0],
			"to": [16, 16, 16],
			"faces": {
				"north": {"uv": [0, 0, 4, 4], "texture": "#0"},
				"east": {"uv": [0, 4, 4, 8], "texture": "#0"},
				"south": {"uv": [4, 0, 8, 4], "texture": "#0"},
				"west": {"uv": [4, 4, 8, 8], "texture": "#0"},
				"up": {"uv": [4, 12, 0, 8], "texture": "#0"},
				"down": {"uv": [12, 0, 8, 4], "texture": "#0"}
			}
		}
	],
	"display": {
		"thirdperson_righthand": {
			"scale": [0.56, 0.54, 0.56]
		},
		"thirdperson_lefthand": {
			"scale": [0.56, 0.54, 0.56]
		},
		"firstperson_righthand": {
			"rotation": [0, 180, 0],
			"translation": [1.75, 3.25, 0],
			"scale": [0.34, 0.35, 0.23]
		},
		"firstperson_lefthand": {
			"rotation": [0, 180, 0],
			"translation": [1.75, 3.25, 0],
			"scale": [0.34, 0.35, 0.23]
		},
		"ground": {
			"translation": [0, 2.25, 0],
			"scale": [0.45, 0.45, 0.44]
		},
		"gui": {
			"rotation": [12, 161, 0],
			"scale": [0.63, 0.62, 0.64]
		}
	}
}