{
	"format_version": "1.9.0",
	"credit": "Made with Blockbench",
	"texture_size": [32, 32],
	"textures": {
		"1": "item/pumpkin3_face",
		"2": "item/pumpkin3",
		"particle": "item/pumpkin3"
	},
	"elements": [
		{
			"from": [0, 0, 0],
			"to": [16, 16, 16],
			"faces": {
				"north": {"uv": [0, 0, 4, 4], "texture": "#2"},
				"east": {"uv": [0, 4, 4, 8], "texture": "#2"},
				"south": {"uv": [4, 0, 8, 4], "texture": "#2"},
				"west": {"uv": [4, 4, 8, 8], "texture": "#2"},
				"up": {"uv": [4, 12, 0, 8], "texture": "#2"},
				"down": {"uv": [12, 0, 8, 4], "texture": "#2"}
			}
		},
		{
			"from": [1, 1, -0.001],
			"to": [15, 15, 1.999],
			"rotation": {"angle": 0, "axis": "y", "origin": [0, 0, -0.1]},
			"faces": {
				"north": {"uv": [0, 0, 7, 7], "texture": "#1"},
				"east": {"uv": [7, 0, 8, 7], "texture": "#1"},
				"south": {"uv": [0, 7, 7, 14], "texture": "#1"},
				"west": {"uv": [7, 7, 8, 14], "texture": "#1"},
				"up": {"uv": [15, 1, 8, 0], "texture": "#1"},
				"down": {"uv": [15, 1, 8, 2], "texture": "#1"}
			}
		}
	],
	"gui_light": "front",
	"display": {
		"thirdperson_righthand": {
			"scale": [0.56, 0.54, 0.56]
		},
		"thirdperson_lefthand": {
			"scale": [0.56, 0.54, 0.56]
		},
		"firstperson_righthand": {
			"rotation": [0, 180, 0],
			"translation": [1.75, 3.25, 0],
			"scale": [0.34, 0.35, 0.23]
		},
		"firstperson_lefthand": {
			"rotation": [0, 180, 0],
			"translation": [1.75, 3.25, 0],
			"scale": [0.34, 0.35, 0.23]
		},
		"ground": {
			"translation": [0, 2.25, 0],
			"scale": [0.45, 0.45, 0.44]
		},
		"gui": {
			"rotation": [12, 161, 0],
			"scale": [0.63, 0.62, 0.64]
		}
	},
	"groups": [
		{
			"name": "group",
			"origin": [0, 0, 0],
			"color": 0,
			"children": [0]
		},
		1
	]
}