{
  "format_version": "1.9.0",
  "credit": "Made with Blockbench",
  "texture_size": [128, 128],
  "textures": {
    "0": "item/lootbox_3",
    "particle": "item/lootbox_3"
  },
  "elements": [
    {
      "from": [6, 0, 0.5],
      "to": [10, 10, 1],
      "rotation": {"angle": 0, "axis": "y", "origin": [7, 0, 0]},
      "faces": {
        "north": {"uv": [3, 4.75, 3.5, 6], "texture": "#0"},
        "east": {"uv": [6.5, 5.5, 6.625, 6.75], "texture": "#0"},
        "south": {"uv": [3.5, 5.25, 4, 6.5], "texture": "#0"},
        "west": {"uv": [6, 6.5, 6.125, 7.75], "texture": "#0"},
        "up": {"uv": [2.625, 6.875, 2.125, 6.75], "texture": "#0"},
        "down": {"uv": [7.25, 2.125, 6.75, 2.25], "texture": "#0"}
      }
    },
    {
      "from": [0, 10, 0],
      "to": [16, 16, 16],
      "faces": {
        "north": {"uv": [3.75, 3.75, 5.75, 4.5], "texture": "#0"},
        "east": {"uv": [0, 4, 2, 4.75], "texture": "#0"},
        "south": {"uv": [3.75, 4.5, 5.75, 5.25], "texture": "#0"},
        "west": {"uv": [0, 4.75, 2, 5.5], "texture": "#0"},
        "up": {"uv": [2, 2, 0, 0], "texture": "#0"},
        "down": {"uv": [2, 2, 0, 4], "texture": "#0"}
      }
    },
    {
      "from": [1, 0, 1],
      "to": [15, 10, 15],
      "faces": {
        "north": {"uv": [2, 3.5, 3.75, 4.75], "texture": "#0"},
        "east": {"uv": [3.75, 0, 5.5, 1.25], "texture": "#0"},
        "south": {"uv": [3.75, 1.25, 5.5, 2.5], "texture": "#0"},
        "west": {"uv": [3.75, 2.5, 5.5, 3.75], "texture": "#0"},
        "up": {"uv": [3.75, 1.75, 2, 0], "texture": "#0"},
        "down": {"uv": [3.75, 1.75, 2, 3.5], "texture": "#0"}
      }
    },
    {
      "from": [6, 0, 14.5],
      "to": [10, 10, 15.5],
      "rotation": {"angle": 0, "axis": "y", "origin": [7, 0, 14]},
      "faces": {
        "north": {"uv": [4, 5.25, 4.5, 6.5], "texture": "#0"},
        "east": {"uv": [6.125, 6.5, 6.25, 7.75], "texture": "#0"},
        "south": {"uv": [4.5, 5.25, 5, 6.5], "texture": "#0"},
        "west": {"uv": [6.25, 6.5, 6.375, 7.75], "texture": "#0"},
        "up": {"uv": [7.25, 2.375, 6.75, 2.25], "texture": "#0"},
        "down": {"uv": [7.25, 3, 6.75, 3.125], "texture": "#0"}
      }
    },
    {
      "from": [6, 9.5, 16],
      "to": [10, 16.5, 16.5],
      "rotation": {"angle": 0, "axis": "y", "origin": [7, 6, 15]},
      "faces": {
        "north": {"uv": [1, 5.5, 1.5, 6.375], "texture": "#0"},
        "east": {"uv": [3.375, 6.625, 3.5, 7.5], "texture": "#0"},
        "south": {"uv": [5.5, 1.25, 6, 2.125], "texture": "#0"},
        "west": {"uv": [6.625, 5.5, 6.75, 6.375], "texture": "#0"},
        "up": {"uv": [7.25, 3.25, 6.75, 3.125], "texture": "#0"},
        "down": {"uv": [7.25, 3.25, 6.75, 3.375], "texture": "#0"}
      }
    },
    {
      "from": [6, 9.5, 15.5],
      "to": [10, 10, 16],
      "rotation": {"angle": 0, "axis": "y", "origin": [7, 6, 15]},
      "faces": {
        "north": {"uv": [6.75, 3.375, 7.25, 3.5], "texture": "#0"},
        "east": {"uv": [5.5, 3.625, 5.625, 3.75], "texture": "#0"},
        "south": {"uv": [6.75, 3.5, 7.25, 3.625], "texture": "#0"},
        "west": {"uv": [5.625, 3.625, 5.75, 3.75], "texture": "#0"},
        "up": {"uv": [7.25, 3.75, 6.75, 3.625], "texture": "#0"},
        "down": {"uv": [7.25, 3.75, 6.75, 3.875], "texture": "#0"}
      }
    },
    {
      "from": [6, 16.5, 6],
      "to": [10, 17.5, 10],
      "rotation": {"angle": 0, "axis": "y", "origin": [7, 6.5, 15]},
      "faces": {
        "north": {"uv": [6.75, 3.875, 7.25, 4], "texture": "#0"},
        "east": {"uv": [6.75, 4, 7.25, 4.125], "texture": "#0"},
        "south": {"uv": [6.75, 4.125, 7.25, 4.25], "texture": "#0"},
        "west": {"uv": [6.75, 4.25, 7.25, 4.375], "texture": "#0"},
        "up": {"uv": [6.75, 4.75, 6.25, 4.25], "texture": "#0"},
        "down": {"uv": [2, 6.375, 1.5, 6.875], "texture": "#0"}
      }
    },
    {
      "from": [6, 9.5, -0.5],
      "to": [10, 16.5, 0],
      "rotation": {"angle": 0, "axis": "y", "origin": [7, 6, -1.5]},
      "faces": {
        "north": {"uv": [1.5, 5.5, 2, 6.375], "texture": "#0"},
        "east": {"uv": [6.625, 6.375, 6.75, 7.25], "texture": "#0"},
        "south": {"uv": [5.5, 2.125, 6, 3], "texture": "#0"},
        "west": {"uv": [0, 6.75, 0.125, 7.625], "texture": "#0"},
        "up": {"uv": [7.25, 4.5, 6.75, 4.375], "texture": "#0"},
        "down": {"uv": [7.25, 4.5, 6.75, 4.625], "texture": "#0"}
      }
    },
    {
      "from": [6, 9.5, 0],
      "to": [10, 10, 0.5],
      "rotation": {"angle": 0, "axis": "y", "origin": [7, 6, -0.5]},
      "faces": {
        "north": {"uv": [6.75, 4.625, 7.25, 4.75], "texture": "#0"},
        "east": {"uv": [1.75, 6.875, 1.875, 7], "texture": "#0"},
        "south": {"uv": [5.5, 6.75, 6, 6.875], "texture": "#0"},
        "west": {"uv": [1.875, 6.875, 2, 7], "texture": "#0"},
        "up": {"uv": [7.25, 5.625, 6.75, 5.5], "texture": "#0"},
        "down": {"uv": [7.25, 5.625, 6.75, 5.75], "texture": "#0"}
      }
    },
    {
      "from": [0, 16, 6],
      "to": [6, 16.5, 10],
      "rotation": {"angle": 0, "axis": "y", "origin": [3, 6, 15]},
      "faces": {
        "north": {"uv": [6.5, 0.625, 7.25, 0.75], "texture": "#0"},
        "east": {"uv": [6.75, 5.75, 7.25, 5.875], "texture": "#0"},
        "south": {"uv": [6.5, 0.75, 7.25, 0.875], "texture": "#0"},
        "west": {"uv": [6.75, 5.875, 7.25, 6], "texture": "#0"},
        "up": {"uv": [6.5, 5.25, 5.75, 4.75], "texture": "#0"},
        "down": {"uv": [6.75, 0.875, 6, 1.375], "texture": "#0"}
      }
    },
    {
      "from": [-0.5, 9.5, 6],
      "to": [0, 16.5, 10],
      "rotation": {"angle": 0, "axis": "y", "origin": [3, 6, 15]},
      "faces": {
        "north": {"uv": [0.125, 6.75, 0.25, 7.625], "texture": "#0"},
        "east": {"uv": [5.5, 5.25, 6, 6.125], "texture": "#0"},
        "south": {"uv": [0.25, 6.75, 0.375, 7.625], "texture": "#0"},
        "west": {"uv": [5.75, 3, 6.25, 3.875], "texture": "#0"},
        "up": {"uv": [3.625, 5.25, 3.5, 4.75], "texture": "#0"},
        "down": {"uv": [3.75, 4.75, 3.625, 5.25], "texture": "#0"}
      }
    },
    {
      "from": [0, 9.5, 6],
      "to": [0.5, 10, 10],
      "rotation": {"angle": 0, "axis": "y", "origin": [3, 6, 15]},
      "faces": {
        "north": {"uv": [1.75, 7, 1.875, 7.125], "texture": "#0"},
        "east": {"uv": [6.75, 6, 7.25, 6.125], "texture": "#0"},
        "south": {"uv": [1.875, 7, 2, 7.125], "texture": "#0"},
        "west": {"uv": [6.75, 6.125, 7.25, 6.25], "texture": "#0"},
        "up": {"uv": [2.75, 7.25, 2.625, 6.75], "texture": "#0"},
        "down": {"uv": [2.875, 6.75, 2.75, 7.25], "texture": "#0"}
      }
    },
    {
      "from": [0.5, 0, 6],
      "to": [1, 10, 10],
      "rotation": {"angle": 0, "axis": "y", "origin": [4, -0.5, 15]},
      "faces": {
        "north": {"uv": [6.375, 6.5, 6.5, 7.75], "texture": "#0"},
        "east": {"uv": [5, 5.25, 5.5, 6.5], "texture": "#0"},
        "south": {"uv": [3, 6.625, 3.125, 7.875], "texture": "#0"},
        "west": {"uv": [0, 5.5, 0.5, 6.75], "texture": "#0"},
        "up": {"uv": [3, 7.25, 2.875, 6.75], "texture": "#0"},
        "down": {"uv": [6.875, 6.25, 6.75, 6.75], "texture": "#0"}
      }
    },
    {
      "from": [15, 0, 6],
      "to": [15.5, 10, 10],
      "rotation": {"angle": 0, "axis": "y", "origin": [18.5, -0.5, 15]},
      "faces": {
        "north": {"uv": [3.125, 6.625, 3.25, 7.875], "texture": "#0"},
        "east": {"uv": [5.5, 0, 6, 1.25], "texture": "#0"},
        "south": {"uv": [3.25, 6.625, 3.375, 7.875], "texture": "#0"},
        "west": {"uv": [0.5, 5.5, 1, 6.75], "texture": "#0"},
        "up": {"uv": [6.625, 7.25, 6.5, 6.75], "texture": "#0"},
        "down": {"uv": [6.875, 6.75, 6.75, 7.25], "texture": "#0"}
      }
    },
    {
      "from": [15.5, 9.5, 6],
      "to": [16, 10, 10],
      "rotation": {"angle": 0, "axis": "y", "origin": [18.5, 6, 15]},
      "faces": {
        "north": {"uv": [2.5, 7, 2.625, 7.125], "texture": "#0"},
        "east": {"uv": [6.875, 0.875, 7.375, 1], "texture": "#0"},
        "south": {"uv": [3.5, 7, 3.625, 7.125], "texture": "#0"},
        "west": {"uv": [6.875, 1, 7.375, 1.125], "texture": "#0"},
        "up": {"uv": [7, 1.625, 6.875, 1.125], "texture": "#0"},
        "down": {"uv": [1.625, 6.875, 1.5, 7.375], "texture": "#0"}
      }
    },
    {
      "from": [16, 9.5, 6],
      "to": [16.5, 16.5, 10],
      "rotation": {"angle": 0, "axis": "y", "origin": [19.5, 6, 15]},
      "faces": {
        "north": {"uv": [0.375, 6.75, 0.5, 7.625], "texture": "#0"},
        "east": {"uv": [5.75, 3.875, 6.25, 4.75], "texture": "#0"},
        "south": {"uv": [0.5, 6.75, 0.625, 7.625], "texture": "#0"},
        "west": {"uv": [6, 0, 6.5, 0.875], "texture": "#0"},
        "up": {"uv": [1.75, 7.375, 1.625, 6.875], "texture": "#0"},
        "down": {"uv": [7, 1.625, 6.875, 2.125], "texture": "#0"}
      }
    },
    {
      "from": [10, 16, 6],
      "to": [16, 16.5, 10],
      "rotation": {"angle": 0, "axis": "y", "origin": [13, 6, 15]},
      "faces": {
        "north": {"uv": [6.5, 2.75, 7.25, 2.875], "texture": "#0"},
        "east": {"uv": [2.125, 6.875, 2.625, 7], "texture": "#0"},
        "south": {"uv": [6.5, 2.875, 7.25, 3], "texture": "#0"},
        "west": {"uv": [3.5, 6.875, 4, 7], "texture": "#0"},
        "up": {"uv": [6.75, 1.875, 6, 1.375], "texture": "#0"},
        "down": {"uv": [6.75, 1.875, 6, 2.375], "texture": "#0"}
      }
    },
    {
      "from": [6, 16, 0],
      "to": [10, 16.5, 16],
      "rotation": {"angle": 0, "axis": "y", "origin": [7, 6, 15]},
      "faces": {
        "north": {"uv": [4, 6.875, 4.5, 7], "texture": "#0"},
        "east": {"uv": [6.5, 0, 8.5, 0.125], "texture": "#0"},
        "south": {"uv": [4.5, 6.875, 5, 7], "texture": "#0"},
        "west": {"uv": [6.5, 0.125, 8.5, 0.25], "texture": "#0"},
        "up": {"uv": [2.5, 6.75, 2, 4.75], "texture": "#0"},
        "down": {"uv": [3, 4.75, 2.5, 6.75], "texture": "#0"}
      }
    },
    {
      "from": [6.025, 16.5, 6.075],
      "to": [9.975, 21.5, 7.075],
      "rotation": {"angle": -22.5, "axis": "x", "origin": [8, 19, 4.575]},
      "faces": {
        "north": {"uv": [6, 2.375, 6.5, 3], "texture": "#0"},
        "east": {"uv": [5.5, 3, 5.625, 3.625], "texture": "#0"},
        "south": {"uv": [3, 6, 3.5, 6.625], "texture": "#0"},
        "west": {"uv": [5.625, 3, 5.75, 3.625], "texture": "#0"},
        "up": {"uv": [5.5, 7, 5, 6.875], "texture": "#0"},
        "down": {"uv": [6, 6.875, 5.5, 7], "texture": "#0"}
      }
    },
    {
      "from": [6.025, 16.5, 2.075],
      "to": [9.975, 21.5, 3.075],
      "rotation": {"angle": -22.5, "axis": "x", "origin": [8, 19, 4.575]},
      "faces": {
        "north": {"uv": [6, 5.25, 6.5, 5.875], "texture": "#0"},
        "east": {"uv": [0.625, 6.75, 0.75, 7.375], "texture": "#0"},
        "south": {"uv": [6, 5.875, 6.5, 6.5], "texture": "#0"},
        "west": {"uv": [0.75, 6.75, 0.875, 7.375], "texture": "#0"},
        "up": {"uv": [7.375, 6.375, 6.875, 6.25], "texture": "#0"},
        "down": {"uv": [7.375, 6.375, 6.875, 6.5], "texture": "#0"}
      }
    },
    {
      "from": [6.025, 20.5, 3.075],
      "to": [9.975, 21.5, 6.075],
      "rotation": {"angle": -22.5, "axis": "x", "origin": [8, 19, 4.575]},
      "faces": {
        "north": {"uv": [6.875, 6.5, 7.375, 6.625], "texture": "#0"},
        "east": {"uv": [7, 1.625, 7.375, 1.75], "texture": "#0"},
        "south": {"uv": [6.875, 6.625, 7.375, 6.75], "texture": "#0"},
        "west": {"uv": [7, 1.75, 7.375, 1.875], "texture": "#0"},
        "up": {"uv": [7, 0.625, 6.5, 0.25], "texture": "#0"},
        "down": {"uv": [7, 2.375, 6.5, 2.75], "texture": "#0"}
      }
    },
    {
      "from": [6.025, 16.5, 3.075],
      "to": [9.975, 17.5, 6.075],
      "rotation": {"angle": -22.5, "axis": "x", "origin": [8, 19, 4.575]},
      "faces": {
        "north": {"uv": [6.875, 6.75, 7.375, 6.875], "texture": "#0"},
        "east": {"uv": [7, 1.875, 7.375, 2], "texture": "#0"},
        "south": {"uv": [6.875, 6.875, 7.375, 7], "texture": "#0"},
        "west": {"uv": [7, 2, 7.375, 2.125], "texture": "#0"},
        "up": {"uv": [4, 6.875, 3.5, 6.5], "texture": "#0"},
        "down": {"uv": [4.5, 6.5, 4, 6.875], "texture": "#0"}
      }
    },
    {
      "from": [6.025, 20.5, 9.6],
      "to": [9.975, 21.5, 12.6],
      "rotation": {"angle": 22.5, "axis": "x", "origin": [8, 19, 11.1]},
      "faces": {
        "north": {"uv": [7, 0.25, 7.5, 0.375], "texture": "#0"},
        "east": {"uv": [2.125, 7, 2.5, 7.125], "texture": "#0"},
        "south": {"uv": [7, 0.375, 7.5, 0.5], "texture": "#0"},
        "west": {"uv": [7, 2.375, 7.375, 2.5], "texture": "#0"},
        "up": {"uv": [5, 6.875, 4.5, 6.5], "texture": "#0"},
        "down": {"uv": [7, 4.75, 6.5, 5.125], "texture": "#0"}
      }
    },
    {
      "from": [6.025, 16.5, 8.6],
      "to": [9.975, 21.5, 9.6],
      "rotation": {"angle": 22.5, "axis": "x", "origin": [8, 19, 11.1]},
      "faces": {
        "north": {"uv": [5.5, 6.125, 6, 6.75], "texture": "#0"},
        "east": {"uv": [0.875, 6.75, 1, 7.375], "texture": "#0"},
        "south": {"uv": [6.25, 3, 6.75, 3.625], "texture": "#0"},
        "west": {"uv": [6.75, 0.875, 6.875, 1.5], "texture": "#0"},
        "up": {"uv": [7.5, 0.625, 7, 0.5], "texture": "#0"},
        "down": {"uv": [1.5, 7, 1, 7.125], "texture": "#0"}
      }
    },
    {
      "from": [6.025, 16.5, 12.6],
      "to": [9.975, 21.5, 13.6],
      "rotation": {"angle": 22.5, "axis": "x", "origin": [8, 19, 11.1]},
      "faces": {
        "north": {"uv": [6.25, 3.625, 6.75, 4.25], "texture": "#0"},
        "east": {"uv": [6.75, 1.5, 6.875, 2.125], "texture": "#0"},
        "south": {"uv": [1, 6.375, 1.5, 7], "texture": "#0"},
        "west": {"uv": [2, 6.75, 2.125, 7.375], "texture": "#0"},
        "up": {"uv": [7.5, 1.25, 7, 1.125], "texture": "#0"},
        "down": {"uv": [7.5, 1.25, 7, 1.375], "texture": "#0"}
      }
    },
    {
      "from": [6.025, 16.5, 9.6],
      "to": [9.975, 17.5, 12.6],
      "rotation": {"angle": 22.5, "axis": "x", "origin": [8, 19, 11.1]},
      "faces": {
        "north": {"uv": [7, 1.375, 7.5, 1.5], "texture": "#0"},
        "east": {"uv": [7, 2.5, 7.375, 2.625], "texture": "#0"},
        "south": {"uv": [7, 1.5, 7.5, 1.625], "texture": "#0"},
        "west": {"uv": [7, 2.625, 7.375, 2.75], "texture": "#0"},
        "up": {"uv": [5.5, 6.875, 5, 6.5], "texture": "#0"},
        "down": {"uv": [7, 5.125, 6.5, 5.5], "texture": "#0"}
      }
    }
  ],
  "display": {
    "thirdperson_righthand": {
      "scale": [0.4, 0.4, 0.4]
    },
    "thirdperson_lefthand": {
      "scale": [0.4, 0.4, 0.4]
    },
    "firstperson_righthand": {
      "scale": [0.5, 0.5, 0.5]
    },
    "firstperson_lefthand": {
      "scale": [0.5, 0.5, 0.5]
    },
    "ground": {
      "translation": [0, 2, 0],
      "scale": [0.47, 0.47, 0.47]
    },
    "gui": {
      "rotation": [21, -126, 0],
      "translation": [0, -0.75, 0],
      "scale": [0.6, 0.6, 0.6]
    },
    "head": {
      "scale": [1.3, 1.3, 1.3]
    },
    "fixed": {
      "rotation": [-90, 0, 0],
      "translation": [0, 0, -16.25],
      "scale": [2.3, 2.3, 2.3]
    }
  },
  "groups": [
    {
      "name": "group",
      "origin": [7, 0, 0],
      "color": 0,
      "children": [0, 1, 2, 3, 4, 5, 6, 7, 8, 9, 10, 11, 12, 13, 14, 15, 16, 17, 18, 19, 20, 21, 22, 23, 24, 25]
    }
  ]
}