{
	"format_version": "1.9.0",
	"credit": "Made with Blockbench",
	"texture_size": [64, 64],
	"textures": {
		"0": "item/dracula_backpack",
		"particle": "item/dracula_backpack"
	},
	"elements": [
		{
			"from": [11, 0.2, 1.8],
			"to": [12, 12.2, 9.2],
			"rotation": {"angle": 0, "axis": "y", "origin": [-1, 0.2, 1.8]},
			"faces": {
				"north": {"uv": [8, 8.5, 8.25, 11.5], "texture": "#0"},
				"east": {"uv": [0, 3, 1.75, 6], "texture": "#0"},
				"south": {"uv": [8.25, 8.5, 8.5, 11.5], "texture": "#0"},
				"west": {"uv": [1.75, 3, 3.5, 6], "texture": "#0"},
				"up": {"uv": [5, 10.5, 4.75, 8.75], "texture": "#0"},
				"down": {"uv": [5.25, 8.75, 5, 10.5], "texture": "#0"}
			}
		},
		{
			"from": [4, 0, 0],
			"to": [12, 6, 2],
			"rotation": {"angle": 0, "axis": "y", "origin": [-4, 0, 0]},
			"faces": {
				"north": {"uv": [6.75, 0, 8.75, 1.5], "texture": "#0"},
				"east": {"uv": [8.25, 3.5, 8.75, 5], "texture": "#0"},
				"south": {"uv": [6.75, 1.5, 8.75, 3], "texture": "#0"},
				"west": {"uv": [8.5, 8.5, 9, 10], "texture": "#0"},
				"up": {"uv": [10, 6.5, 8, 6], "texture": "#0"},
				"down": {"uv": [10, 6.5, 8, 7], "texture": "#0"}
			}
		},
		{
			"from": [3, 0, 2],
			"to": [13, 12, 9],
			"rotation": {"angle": 0, "axis": "y", "origin": [-4, 0, 2]},
			"faces": {
				"north": {"uv": [0, 0, 2.5, 3], "texture": "#0"},
				"east": {"uv": [3.5, 3, 5.25, 6], "texture": "#0"},
				"south": {"uv": [2.5, 0, 5, 3], "texture": "#0"},
				"west": {"uv": [5, 0, 6.75, 3], "texture": "#0"},
				"up": {"uv": [4.25, 7.75, 1.75, 6], "texture": "#0"},
				"down": {"uv": [6.75, 6, 4.25, 7.75], "texture": "#0"}
			}
		},
		{
			"from": [13, 0, 3],
			"to": [15, 6, 8],
			"rotation": {"angle": 0, "axis": "y", "origin": [-4, 0, 2]},
			"faces": {
				"north": {"uv": [8.75, 0, 9.25, 1.5], "texture": "#0"},
				"east": {"uv": [6.75, 6, 8, 7.5], "texture": "#0"},
				"south": {"uv": [8.75, 1.5, 9.25, 3], "texture": "#0"},
				"west": {"uv": [7, 3, 8.25, 4.5], "texture": "#0"},
				"up": {"uv": [3.75, 10, 3.25, 8.75], "texture": "#0"},
				"down": {"uv": [9.25, 3.5, 8.75, 4.75], "texture": "#0"}
			}
		},
		{
			"from": [13, 7, 3],
			"to": [14, 11, 8],
			"rotation": {"angle": 0, "axis": "y", "origin": [-4, 7, 2]},
			"faces": {
				"north": {"uv": [7.5, 9, 7.75, 10], "texture": "#0"},
				"east": {"uv": [1.75, 7.75, 3, 8.75], "texture": "#0"},
				"south": {"uv": [7.75, 9, 8, 10], "texture": "#0"},
				"west": {"uv": [3, 7.75, 4.25, 8.75], "texture": "#0"},
				"up": {"uv": [1.75, 10.25, 1.5, 9], "texture": "#0"},
				"down": {"uv": [7, 9, 6.75, 10.25], "texture": "#0"}
			}
		},
		{
			"from": [2, 7, 3],
			"to": [3, 11, 8],
			"rotation": {"angle": 0, "axis": "y", "origin": [-15, 7, 2]},
			"faces": {
				"north": {"uv": [9, 9, 9.25, 10], "texture": "#0"},
				"east": {"uv": [4.25, 7.75, 5.5, 8.75], "texture": "#0"},
				"south": {"uv": [0, 9.25, 0.25, 10.25], "texture": "#0"},
				"west": {"uv": [5.5, 7.75, 6.75, 8.75], "texture": "#0"},
				"up": {"uv": [7.25, 10.25, 7, 9], "texture": "#0"},
				"down": {"uv": [7.5, 9, 7.25, 10.25], "texture": "#0"}
			}
		},
		{
			"from": [1, 0, 3],
			"to": [3, 6, 8],
			"rotation": {"angle": 0, "axis": "y", "origin": [-16, 0, 2]},
			"faces": {
				"north": {"uv": [1.75, 8.75, 2.25, 10.25], "texture": "#0"},
				"east": {"uv": [7, 4.5, 8.25, 6], "texture": "#0"},
				"south": {"uv": [2.25, 8.75, 2.75, 10.25], "texture": "#0"},
				"west": {"uv": [6.75, 7.5, 8, 9], "texture": "#0"},
				"up": {"uv": [4.25, 10, 3.75, 8.75], "texture": "#0"},
				"down": {"uv": [4.75, 8.75, 4.25, 10], "texture": "#0"}
			}
		},
		{
			"from": [5, 12, 7.5],
			"to": [11, 14, 7.5],
			"rotation": {"angle": 0, "axis": "y", "origin": [-4, 2, 4]},
			"faces": {
				"north": {"uv": [8.25, 5, 9.75, 5.5], "texture": "#0"},
				"east": {"uv": [0, 0, 0, 0.5], "texture": "#0"},
				"south": {"uv": [8.25, 5.5, 9.75, 6], "texture": "#0"},
				"west": {"uv": [0, 0, 0, 0.5], "texture": "#0"},
				"up": {"uv": [1.5, 0, 0, 0], "texture": "#0"},
				"down": {"uv": [1.5, 0, 0, 0], "texture": "#0"}
			}
		},
		{
			"from": [4, 0.2, 1.8],
			"to": [5, 12.2, 9.2],
			"rotation": {"angle": 0, "axis": "y", "origin": [-8, 0.2, 1.8]},
			"faces": {
				"north": {"uv": [2.75, 8.75, 3, 11.75], "texture": "#0"},
				"east": {"uv": [5.25, 3, 7, 6], "texture": "#0"},
				"south": {"uv": [3, 8.75, 3.25, 11.75], "texture": "#0"},
				"west": {"uv": [0, 6, 1.75, 9], "texture": "#0"},
				"up": {"uv": [5.5, 10.5, 5.25, 8.75], "texture": "#0"},
				"down": {"uv": [5.75, 8.75, 5.5, 10.5], "texture": "#0"}
			}
		},
		{
			"from": [10, 3.2, -0.2],
			"to": [11, 5.2, 7.2],
			"rotation": {"angle": 0, "axis": "y", "origin": [-2, 0.2, -0.2]},
			"faces": {
				"north": {"uv": [1.25, 9.25, 1.5, 9.75], "texture": "#0"},
				"east": {"uv": [8, 7, 9.75, 7.5], "texture": "#0"},
				"south": {"uv": [9.25, 3.5, 9.5, 4], "texture": "#0"},
				"west": {"uv": [8, 7.5, 9.75, 8], "texture": "#0"},
				"up": {"uv": [6, 10.5, 5.75, 8.75], "texture": "#0"},
				"down": {"uv": [6.25, 8.75, 6, 10.5], "texture": "#0"}
			}
		},
		{
			"from": [5, 3.2, -0.2],
			"to": [6, 5.2, 7.2],
			"rotation": {"angle": 0, "axis": "y", "origin": [-7, 0.2, -0.2]},
			"faces": {
				"north": {"uv": [9.25, 4, 9.5, 4.5], "texture": "#0"},
				"east": {"uv": [8, 8, 9.75, 8.5], "texture": "#0"},
				"south": {"uv": [9.25, 9, 9.5, 9.5], "texture": "#0"},
				"west": {"uv": [8.25, 3, 10, 3.5], "texture": "#0"},
				"up": {"uv": [6.5, 10.5, 6.25, 8.75], "texture": "#0"},
				"down": {"uv": [6.75, 8.75, 6.5, 10.5], "texture": "#0"}
			}
		},
		{
			"from": [13.2, 3, 5],
			"to": [15.2, 5, 6],
			"rotation": {"angle": 0, "axis": "y", "origin": [-3.8, 0, 2]},
			"faces": {
				"north": {"uv": [9.25, 0, 9.75, 0.5], "texture": "#0"},
				"east": {"uv": [9.5, 3.5, 9.75, 4], "texture": "#0"},
				"south": {"uv": [0.25, 9.25, 0.75, 9.75], "texture": "#0"},
				"west": {"uv": [9.5, 4, 9.75, 4.5], "texture": "#0"},
				"up": {"uv": [9.75, 4.75, 9.25, 4.5], "texture": "#0"},
				"down": {"uv": [10, 9, 9.5, 9.25], "texture": "#0"}
			}
		},
		{
			"from": [0.8, 3, 5],
			"to": [2.8, 5, 6],
			"rotation": {"angle": 0, "axis": "y", "origin": [-16.2, 0, 2]},
			"faces": {
				"north": {"uv": [9.25, 0.5, 9.75, 1], "texture": "#0"},
				"east": {"uv": [9.25, 9.5, 9.5, 10], "texture": "#0"},
				"south": {"uv": [0.75, 9.25, 1.25, 9.75], "texture": "#0"},
				"west": {"uv": [9.5, 9.25, 9.75, 9.75], "texture": "#0"},
				"up": {"uv": [10.25, 0.25, 9.75, 0], "texture": "#0"},
				"down": {"uv": [0.75, 9.75, 0.25, 10], "texture": "#0"}
			}
		},
		{
			"from": [1.8, 8, 5],
			"to": [3.8, 10, 6],
			"rotation": {"angle": 0, "axis": "y", "origin": [-15.2, 5, 2]},
			"faces": {
				"north": {"uv": [9.25, 1, 9.75, 1.5], "texture": "#0"},
				"east": {"uv": [9.75, 0.25, 10, 0.75], "texture": "#0"},
				"south": {"uv": [9.25, 1.5, 9.75, 2], "texture": "#0"},
				"west": {"uv": [0.75, 9.75, 1, 10.25], "texture": "#0"},
				"up": {"uv": [10.25, 1, 9.75, 0.75], "texture": "#0"},
				"down": {"uv": [1.5, 9.75, 1, 10], "texture": "#0"}
			}
		},
		{
			"from": [12.2, 8, 5],
			"to": [14.2, 10, 6],
			"rotation": {"angle": 0, "axis": "y", "origin": [-4.8, 5, 2]},
			"faces": {
				"north": {"uv": [9.25, 2, 9.75, 2.5], "texture": "#0"},
				"east": {"uv": [9.75, 1, 10, 1.5], "texture": "#0"},
				"south": {"uv": [9.25, 2.5, 9.75, 3], "texture": "#0"},
				"west": {"uv": [9.75, 1.5, 10, 2], "texture": "#0"},
				"up": {"uv": [10.25, 2.25, 9.75, 2], "texture": "#0"},
				"down": {"uv": [10.25, 2.25, 9.75, 2.5], "texture": "#0"}
			}
		},
		{
			"from": [5, 10, 1.9],
			"to": [11, 11, 1.9],
			"rotation": {"angle": 0, "axis": "y", "origin": [6, 9, -0.1]},
			"faces": {
				"north": {"uv": [8.75, 4.75, 10.25, 5], "texture": "#0"},
				"east": {"uv": [0, 0, 0, 0.25], "texture": "#0"},
				"south": {"uv": [0, 9, 1.5, 9.25], "texture": "#0"},
				"west": {"uv": [0, 0, 0, 0.25], "texture": "#0"},
				"up": {"uv": [1.5, 0, 0, 0], "texture": "#0"},
				"down": {"uv": [1.5, 0, 0, 0], "texture": "#0"}
			}
		},
		{
			"from": [2.9, 9, 1.9],
			"to": [4, 10, 1.9],
			"rotation": {"angle": 0, "axis": "y", "origin": [-1, 8, -0.1]},
			"faces": {
				"north": {"uv": [9.75, 2.5, 10, 2.75], "texture": "#0"},
				"east": {"uv": [0, 0, 0, 0.25], "texture": "#0"},
				"south": {"uv": [9.75, 2.75, 10, 3], "texture": "#0"},
				"west": {"uv": [0, 0, 0, 0.25], "texture": "#0"},
				"up": {"uv": [0.25, 0, 0, 0], "texture": "#0"},
				"down": {"uv": [0.25, 0, 0, 0], "texture": "#0"}
			}
		},
		{
			"from": [12, 9, 1.9],
			"to": [13.1, 10, 1.9],
			"rotation": {"angle": 0, "axis": "y", "origin": [8, 8, -0.1]},
			"faces": {
				"north": {"uv": [9.75, 3.5, 10, 3.75], "texture": "#0"},
				"east": {"uv": [0, 0, 0, 0.25], "texture": "#0"},
				"south": {"uv": [9.75, 3.75, 10, 4], "texture": "#0"},
				"west": {"uv": [0, 0, 0, 0.25], "texture": "#0"},
				"up": {"uv": [0.25, 0, 0, 0], "texture": "#0"},
				"down": {"uv": [0.25, 0, 0, 0], "texture": "#0"}
			}
		},
		{
			"from": [2.9, 9, 1.9],
			"to": [2.9, 10, 3],
			"rotation": {"angle": 0, "axis": "y", "origin": [-1.1, 8, 0]},
			"faces": {
				"north": {"uv": [0, 0, 0, 0.25], "texture": "#0"},
				"east": {"uv": [9.75, 4, 10, 4.25], "texture": "#0"},
				"south": {"uv": [0, 0, 0, 0.25], "texture": "#0"},
				"west": {"uv": [9.75, 4.25, 10, 4.5], "texture": "#0"},
				"up": {"uv": [0, 0.25, 0, 0], "texture": "#0"},
				"down": {"uv": [0, 0, 0, 0.25], "texture": "#0"}
			}
		},
		{
			"from": [13.1, 9, 1.9],
			"to": [13.1, 10, 3],
			"rotation": {"angle": 0, "axis": "y", "origin": [8.1, 8, -0.1]},
			"faces": {
				"north": {"uv": [0, 0, 0, 0.25], "texture": "#0"},
				"east": {"uv": [9.75, 4.5, 10, 4.75], "texture": "#0"},
				"south": {"uv": [0, 0, 0, 0.25], "texture": "#0"},
				"west": {"uv": [9.75, 5, 10, 5.25], "texture": "#0"},
				"up": {"uv": [0, 0.25, 0, 0], "texture": "#0"},
				"down": {"uv": [0, 0, 0, 0.25], "texture": "#0"}
			}
		},
		{
			"from": [2.9, 4, 8],
			"to": [2.9, 5, 9.1],
			"rotation": {"angle": 0, "axis": "y", "origin": [-1.1, 3, 6.1]},
			"faces": {
				"north": {"uv": [0, 0, 0, 0.25], "texture": "#0"},
				"east": {"uv": [9.75, 5.25, 10, 5.5], "texture": "#0"},
				"south": {"uv": [0, 0, 0, 0.25], "texture": "#0"},
				"west": {"uv": [9.75, 5.5, 10, 5.75], "texture": "#0"},
				"up": {"uv": [0, 0.25, 0, 0], "texture": "#0"},
				"down": {"uv": [0, 0, 0, 0.25], "texture": "#0"}
			}
		},
		{
			"from": [13.1, 4, 8],
			"to": [13.1, 5, 9.1],
			"rotation": {"angle": 0, "axis": "y", "origin": [8.1, 3, 6]},
			"faces": {
				"north": {"uv": [0, 0, 0, 0.25], "texture": "#0"},
				"east": {"uv": [9.75, 5.75, 10, 6], "texture": "#0"},
				"south": {"uv": [0, 0, 0, 0.25], "texture": "#0"},
				"west": {"uv": [9.75, 7, 10, 7.25], "texture": "#0"},
				"up": {"uv": [0, 0.25, 0, 0], "texture": "#0"},
				"down": {"uv": [0, 0, 0, 0.25], "texture": "#0"}
			}
		},
		{
			"from": [12, 4, 9.1],
			"to": [13.1, 5, 9.1],
			"rotation": {"angle": 0, "axis": "y", "origin": [8.1, 3, 6]},
			"faces": {
				"north": {"uv": [9.75, 7.25, 10, 7.5], "texture": "#0"},
				"east": {"uv": [0, 0, 0, 0.25], "texture": "#0"},
				"south": {"uv": [9.75, 7.5, 10, 7.75], "texture": "#0"},
				"west": {"uv": [0, 0, 0, 0.25], "texture": "#0"},
				"up": {"uv": [0.25, 0, 0, 0], "texture": "#0"},
				"down": {"uv": [0.25, 0, 0, 0], "texture": "#0"}
			}
		},
		{
			"from": [2.9, 4, 9.1],
			"to": [4, 5, 9.1],
			"rotation": {"angle": 0, "axis": "y", "origin": [-1, 3, 6]},
			"faces": {
				"north": {"uv": [9.75, 7.75, 10, 8], "texture": "#0"},
				"east": {"uv": [0, 0, 0, 0.25], "texture": "#0"},
				"south": {"uv": [9.75, 8, 10, 8.25], "texture": "#0"},
				"west": {"uv": [0, 0, 0, 0.25], "texture": "#0"},
				"up": {"uv": [0.25, 0, 0, 0], "texture": "#0"},
				"down": {"uv": [0.25, 0, 0, 0], "texture": "#0"}
			}
		},
		{
			"from": [5, 3, 9.1],
			"to": [11, 4, 9.1],
			"rotation": {"angle": 0, "axis": "y", "origin": [1.1, 2, 6]},
			"faces": {
				"north": {"uv": [9, 8.5, 10.5, 8.75], "texture": "#0"},
				"east": {"uv": [0, 0, 0, 0.25], "texture": "#0"},
				"south": {"uv": [9, 8.75, 10.5, 9], "texture": "#0"},
				"west": {"uv": [0, 0, 0, 0.25], "texture": "#0"},
				"up": {"uv": [1.5, 0, 0, 0], "texture": "#0"},
				"down": {"uv": [1.5, 0, 0, 0], "texture": "#0"}
			}
		},
		{
			"from": [13.1, 6, 5],
			"to": [13.1, 7, 6],
			"rotation": {"angle": 0, "axis": "y", "origin": [8.1, 5, 2.9]},
			"faces": {
				"north": {"uv": [0, 0, 0, 0.25], "texture": "#0"},
				"east": {"uv": [9.75, 8.25, 10, 8.5], "texture": "#0"},
				"south": {"uv": [0, 0, 0, 0.25], "texture": "#0"},
				"west": {"uv": [9.75, 9.25, 10, 9.5], "texture": "#0"},
				"up": {"uv": [0, 0.25, 0, 0], "texture": "#0"},
				"down": {"uv": [0, 0, 0, 0.25], "texture": "#0"}
			}
		},
		{
			"from": [2.9, 6, 5],
			"to": [2.9, 7, 6],
			"rotation": {"angle": 0, "axis": "y", "origin": [-2.1, 5, 2.9]},
			"faces": {
				"north": {"uv": [0, 0, 0, 0.25], "texture": "#0"},
				"east": {"uv": [9.5, 9.75, 9.75, 10], "texture": "#0"},
				"south": {"uv": [0, 0, 0, 0.25], "texture": "#0"},
				"west": {"uv": [9.75, 9.5, 10, 9.75], "texture": "#0"},
				"up": {"uv": [0, 0.25, 0, 0], "texture": "#0"},
				"down": {"uv": [0, 0, 0, 0.25], "texture": "#0"}
			}
		}
	],
	"display": {
		"thirdperson_righthand": {
			"rotation": [-155.64, 24.6, -157.73],
			"translation": [0, 2, -1],
			"scale": [0.6, 0.6, 0.6]
		},
		"thirdperson_lefthand": {
			"rotation": [-155.64, 24.6, -157.73],
			"translation": [0, 2, -1],
			"scale": [0.6, 0.6, 0.6]
		},
		"firstperson_righthand": {
			"rotation": [-180, 51, -180],
			"translation": [0.25, 4.25, 0],
			"scale": [0.6, 0.6, 0.6]
		},
		"firstperson_lefthand": {
			"rotation": [-180, 51, -180],
			"translation": [0.25, 4.25, 0],
			"scale": [0.6, 0.6, 0.6]
		},
		"ground": {
			"translation": [0, 5, 2],
			"scale": [0.67, 0.67, 0.67]
		},
		"gui": {
			"rotation": [30, 134, 0],
			"translation": [1.25, 2.25, 0],
			"scale": [0.79, 0.79, 0.79]
		},
		"fixed": {
			"translation": [0, 1.5, 0]
		}
	},
	"groups": [
		{
			"name": "group",
			"origin": [-1, 0.2, 1.8],
			"color": 0,
			"children": [0, 1, 2, 3, 4, 5, 6, 7, 8, 9, 10, 11, 12, 13, 14, 15, 16, 17, 18, 19, 20, 21, 22, 23, 24, 25, 26]
		}
	]
}