
{
  "parent": "minecraft:item/generated",
  "textures": { "layer0": "minecraft:item/diamond_horse_armor" },
  "overrides": [
    {
      "predicate": { "custom_model_data": 1 },
      "model": "modelengine:anarchia/bb_main"
    },
    {
      "predicate": { "custom_model_data": 2 },
      "model": "modelengine:boxpvp/bb_main"
    },
    {
      "predicate": { "custom_model_data": 3 },
      "model": "modelengine:niewiemjaktonazwac/bb_main"
    },
    {
      "predicate": { "custom_model_data": 4 },
      "model": "modelengine:oneblock/bb_main"
    },
    {
      "predicate": { "custom_model_data": 5 },
      "model": "modelengine:rustxbungee/bb_main"
    },
    {
      "predicate": { "custom_model_data": 6 },
      "model": "modelengine:minigry/bb_main"
    },
    {
      "predicate": { "custom_model_data": 7 },
      "model": "modelengine:arcade_brazowy/group"
    },
    {
      "predicate": { "custom_model_data": 8 },
      "model": "modelengine:arcade_nibieski/group"
    },
    {
      "predicate": { "custom_model_data": 9 },
      "model": "modelengine:chest/group"
    },
    {
      "predicate": { "custom_model_data": 10 },
      "model": "item/chest/lootbox1"
    },
    {
      "predicate": { "custom_model_data": 11 },
      "model": "item/chest/lootbox2"
    },
    {
      "predicate": { "custom_model_data": 12 },
      "model": "item/chest/lootbox3"
    },
    {
      "predicate": { "custom_model_data": 13 },
      "model": "item/custom/luckyblock2"
    },
    {
      "predicate": { "custom_model_data": 14 },
      "model": "item/custom/15"
    },
    {
      "predicate": { "custom_model_data": 15 },
      "model": "modelengine:duee/bb_main"
    },
    {
      "predicate": { "custom_model_data": 1000 },
      "model": "item/pumpkin/235"
    },
    {
      "predicate": { "custom_model_data": 1001 },
      "model": "item/pumpkin/236"
    },
    {
      "predicate": { "custom_model_data": 1002 },
      "model": "item/pumpkin/237"
    },
    {
      "predicate": { "custom_model_data": 1003 },
      "model": "modelengine:santa_chest/group"
    },
    {
      "predicate": { "custom_model_data": 3000 },
      "model": "item/player_head/3000"
    },
    {
      "predicate": { "custom_model_data": 3001 },
      "model": "item/player_head/3001"
    },
    {
      "predicate": { "custom_model_data": 3002 },
      "model": "item/player_head/3002"
    }
  ]
}