{
  "parent": "minecraft:item/generated",
  "textures": {
    "layer0": "minecraft:item/egg"
  },
  "overrides": [
    {
      "predicate": { "custom_model_data": 0 },
      "model": "item/egg"
    },
    {
      "predicate": { "custom_model_data": 50 },
      "model": "item/egg/50"
    },
    {
      "predicate": { "custom_model_data": 51 },
      "model": "item/egg/51"
    },
    {
      "predicate": { "custom_model_data": 889 },
      "model": "item/egg/889"
    }
  ]
}