{
    "overrides": [
        {
            "predicate": {
                "custom_model_data": 0
            },
            "model": "item/paper/0"
        },
        {
            "predicate": {
                "custom_model_data": 1
            },
            "model": "item/paper/1"
        },
        {
            "predicate": {
                "custom_model_data": 11
            },
            "model": "item/paper/11"
        },
        {
            "predicate": {
                "custom_model_data": 22
            },
            "model": "item/paper/22"
        },
        {
            "predicate": {
                "custom_model_data": 33
            },
            "model": "item/paper/33"
        },
        {
            "predicate": {
                "custom_model_data": 44
            },
            "model": "item/paper/44"
        },
        {
            "predicate": {
                "custom_model_data": 69
            },
            "model": "item/custom/desert_chest"
        },
        {
            "predicate": {
                "custom_model_data": 70
            },
            "model": "item/custom/school_backpack"
        },
        {
            "predicate": {
                "custom_model_data": 811
            },
            "model": "item/paper/811"
        },
        {
            "predicate": {
                "custom_model_data": 665645
            },
            "model": "item/paper/665645"
        }
    ],
    "parent": "minecraft:item/generated",
    "textures": {
        "layer0": "item/paper"
    }
}