{
  "parent": "minecraft:item/generated",
  "textures": {
    "layer0": "minecraft:block/tripwire_hook"
  },

  "overrides": [
    {
      "predicate": { "custom_model_data": 0 },
      "model": "item/tripwire_hook/0"
    },
    {
      "predicate": { "custom_model_data": 1 },
      "model": "item/tripwire_hook/1"
    },
    {
      "predicate": { "custom_model_data": 2 },
      "model": "item/tripwire_hook/2"
    },
    {
      "predicate": { "custom_model_data": 3 },
      "model": "item/tripwire_hook/3"
    },
    {
      "predicate": { "custom_model_data": 4 },
      "model": "item/tripwire_hook/4"
    },
    {
      "predicate": { "custom_model_data": 5 },
      "model": "item/tripwire_hook/5"
    },
    {
      "predicate": { "custom_model_data": 6 },
      "model": "item/tripwire_hook/6"
    },
    {
      "predicate": { "custom_model_data": 7 },
      "model": "item/tripwire_hook/7"
    },
    {
      "predicate": { "custom_model_data": 12 },
      "model": "item/tripwire_hook/12"
    }
  ]
}
