{
	"credit": "Made with Blockbench",
	"parent": "block/block",
	"texture_size": [ 128, 128 ],
	"textures": {
		"1": "modelengine:entity/gold_egg"
	},
	"elements": [
		{
			"from": [ 2, 1, 2 ],
			"to": [ 14, 3, 14 ],
			"faces": {
				"north": {
					"uv": [ 1.5, 5.75, 3, 6 ],
					"texture": "#1"
				},
				"east": {
					"uv": [ 0, 5.75, 1.5, 6 ],
					"texture": "#1"
				},
				"south": {
					"uv": [ 4.5, 5.75, 6, 6 ],
					"texture": "#1"
				},
				"west": {
					"uv": [ 3, 5.75, 4.5, 6 ],
					"texture": "#1"
				},
				"up": {
					"uv": [ 3, 5.75, 1.5, 4.25 ],
					"texture": "#1"
				},
				"down": {
					"uv": [ 4.5, 4.25, 3, 5.75 ],
					"texture": "#1"
				}
			}
		},
		{
			"from": [ 6, 15, 6 ],
			"to": [ 10, 16, 10 ],
			"faces": {
				"north": {
					"uv": [ 6.5, 5.125, 7, 5.25 ],
					"texture": "#1"
				},
				"east": {
					"uv": [ 6, 5.125, 6.5, 5.25 ],
					"texture": "#1"
				},
				"south": {
					"uv": [ 7.5, 5.125, 8, 5.25 ],
					"texture": "#1"
				},
				"west": {
					"uv": [ 7, 5.125, 7.5, 5.25 ],
					"texture": "#1"
				},
				"up": {
					"uv": [ 7, 5.125, 6.5, 4.625 ],
					"texture": "#1"
				},
				"down": {
					"uv": [ 7.5, 4.625, 7, 5.125 ],
					"texture": "#1"
				}
			}
		},
		{
			"from": [ 5, 14, 5 ],
			"to": [ 11, 15, 11 ],
			"faces": {
				"north": {
					"uv": [ 6.75, 4.5, 7.5, 4.625 ],
					"texture": "#1"
				},
				"east": {
					"uv": [ 6, 4.5, 6.75, 4.625 ],
					"texture": "#1"
				},
				"south": {
					"uv": [ 8.25, 4.5, 9, 4.625 ],
					"texture": "#1"
				},
				"west": {
					"uv": [ 7.5, 4.5, 8.25, 4.625 ],
					"texture": "#1"
				},
				"up": {
					"uv": [ 7.5, 4.5, 6.75, 3.75 ],
					"texture": "#1"
				},
				"down": {
					"uv": [ 8.25, 3.75, 7.5, 4.5 ],
					"texture": "#1"
				}
			}
		},
		{
			"from": [ 5, 13, 5 ],
			"to": [ 11, 14, 11 ],
			"faces": {
				"north": {
					"uv": [ 6.75, 4.5, 7.5, 4.625 ],
					"texture": "#1"
				},
				"east": {
					"uv": [ 6, 4.5, 6.75, 4.625 ],
					"texture": "#1"
				},
				"south": {
					"uv": [ 8.25, 4.5, 9, 4.625 ],
					"texture": "#1"
				},
				"west": {
					"uv": [ 7.5, 4.5, 8.25, 4.625 ],
					"texture": "#1"
				},
				"up": {
					"uv": [ 7.5, 4.5, 6.75, 3.75 ],
					"texture": "#1"
				},
				"down": {
					"uv": [ 8.25, 3.75, 7.5, 4.5 ],
					"texture": "#1"
				}
			}
		},
		{
			"from": [ 3, 11, 3 ],
			"to": [ 13, 13, 13 ],
			"faces": {
				"north": {
					"uv": [ 1.25, 7.25, 2.5, 7.5 ],
					"texture": "#1"
				},
				"east": {
					"uv": [ 0, 7.25, 1.25, 7.5 ],
					"texture": "#1"
				},
				"south": {
					"uv": [ 3.75, 7.25, 5, 7.5 ],
					"texture": "#1"
				},
				"west": {
					"uv": [ 2.5, 7.25, 3.75, 7.5 ],
					"texture": "#1"
				},
				"up": {
					"uv": [ 2.5, 7.25, 1.25, 6 ],
					"texture": "#1"
				},
				"down": {
					"uv": [ 3.75, 6, 2.5, 7.25 ],
					"texture": "#1"
				}
			}
		},
		{
			"from": [ 2, 8, 2 ],
			"to": [ 14, 11, 14 ],
			"faces": {
				"north": {
					"uv": [ 1.5, 3.875, 3, 4.25 ],
					"texture": "#1"
				},
				"east": {
					"uv": [ 0, 3.875, 1.5, 4.25 ],
					"texture": "#1"
				},
				"south": {
					"uv": [ 4.5, 3.875, 6, 4.25 ],
					"texture": "#1"
				},
				"west": {
					"uv": [ 3, 3.875, 4.5, 4.25 ],
					"texture": "#1"
				},
				"up": {
					"uv": [ 3, 3.875, 1.5, 2.375 ],
					"texture": "#1"
				},
				"down": {
					"uv": [ 4.5, 2.375, 3, 3.875 ],
					"texture": "#1"
				}
			}
		},
		{
			"from": [ 1, 3, 1 ],
			"to": [ 15, 8, 15 ],
			"faces": {
				"north": {
					"uv": [ 1.75, 1.75, 3.5, 2.375 ],
					"texture": "#1"
				},
				"east": {
					"uv": [ 0, 1.75, 1.75, 2.375 ],
					"texture": "#1"
				},
				"south": {
					"uv": [ 5.25, 1.75, 7, 2.375 ],
					"texture": "#1"
				},
				"west": {
					"uv": [ 3.5, 1.75, 5.25, 2.375 ],
					"texture": "#1"
				},
				"up": {
					"uv": [ 3.5, 1.75, 1.75, 0 ],
					"texture": "#1"
				},
				"down": {
					"uv": [ 5.25, 0, 3.5, 1.75 ],
					"texture": "#1"
				}
			}
		},
		{
			"from": [ 3, 0, 3 ],
			"to": [ 13, 1, 13 ],
			"faces": {
				"north": {
					"uv": [ 7.25, 3.625, 8.5, 3.75 ],
					"texture": "#1"
				},
				"east": {
					"uv": [ 6, 3.625, 7.25, 3.75 ],
					"texture": "#1"
				},
				"south": {
					"uv": [ 9.75, 3.625, 11, 3.75 ],
					"texture": "#1"
				},
				"west": {
					"uv": [ 8.5, 3.625, 9.75, 3.75 ],
					"texture": "#1"
				},
				"up": {
					"uv": [ 8.5, 3.625, 7.25, 2.375 ],
					"texture": "#1"
				},
				"down": {
					"uv": [ 9.75, 2.375, 8.5, 3.625 ],
					"texture": "#1"
				}
			}
		}
	],
	"display": {
		"fixed": {
			"rotation": [ -90, 0, 180 ],
			"translation": [ 0, 0, 50 ],
			"scale": [ 2.25, 2.25, 2.25 ]
		}
	},
	"groups": [
		{
			"name": "group",
			"origin": [ 0, 0, 0 ],
			"color": 0,
			"children": [ 0, 1, 2, 3, 4, 5, 6, 7 ]
		}
	]
}