{
  "model": {
    "type": "range_dispatch",
    "property": "custom_model_data",
    "index": 0,
    "fallback": {
      "type": "model",
      "model": "item/bowl"
    },
    "entries": [
      {
        "threshold": 0,
        "model": {
          "type": "model",
          "model": "item/bowl/0"
        }
      },
      {
        "threshold": 43634712,
        "model": {
          "type": "model",
          "model": "item/bowl/43634712"
        }
      }
    ]
  }
}