{
  "model": {
    "type": "range_dispatch",
    "property": "custom_model_data",
    "index": 0,
    "fallback": {
      "type": "model",
      "model": "item/diamond_horse_armor"
    },
    "entries": [
      {
        "threshold": 1,
        "model": {
          "type": "model",
          "model": "modelengine:anarchia/bb_main"
        }
      },
      {
        "threshold": 2,
        "model": {
          "type": "model",
          "model": "modelengine:boxpvp/bb_main"
        }
      },
      {
        "threshold": 3,
        "model": {
          "type": "model",
          "model": "modelengine:niewiemjaktonazwac/bb_main"
        }
      },
      {
        "threshold": 4,
        "model": {
          "type": "model",
          "model": "modelengine:oneblock/bb_main"
        }
      },
      {
        "threshold": 5,
        "model": {
          "type": "model",
          "model": "modelengine:rustxbungee/bb_main"
        }
      },
      {
        "threshold": 6,
        "model": {
          "type": "model",
          "model": "modelengine:minigry/bb_main"
        }
      },
      {
        "threshold": 7,
        "model": {
          "type": "model",
          "model": "modelengine:arcade_brazowy/group"
        }
      },
      {
        "threshold": 8,
        "model": {
          "type": "model",
          "model": "modelengine:arcade_nibieski/group"
        }
      },
      {
        "threshold": 9,
        "model": {
          "type": "model",
          "model": "modelengine:chest/group"
        }
      },
      {
        "threshold": 10,
        "model": {
          "type": "model",
          "model": "item/chest/lootbox1"
        }
      },
      {
        "threshold": 11,
        "model": {
          "type": "model",
          "model": "item/chest/lootbox2"
        }
      },
      {
        "threshold": 12,
        "model": {
          "type": "model",
          "model": "item/chest/lootbox3"
        }
      },
      {
        "threshold": 13,
        "model": {
          "type": "model",
          "model": "item/custom/luckyblock2"
        }
      },
      {
        "threshold": 14,
        "model": {
          "type": "model",
          "model": "modelengine:minigry/bb_main"
        }
      },
      {
        "threshold": 15,
        "model": {
          "type": "model",
          "model": "modelengine:duee/bb_main"
        }
      },
      {
        "threshold": 1000,
        "model": {
          "type": "model",
          "model": "item/pumpkin/235"
        }
      },
      {
        "threshold": 1001,
        "model": {
          "type": "model",
          "model": "item/pumpkin/236"
        }
      },
      {
        "threshold": 1002,
        "model": {
          "type": "model",
          "model": "item/pumpkin/237"
        }
      },
      {
        "threshold": 1003,
        "model": {
          "type": "model",
          "model": "modelengine:santa_chest/group"
        }
      },
      {
        "threshold": 3000,
        "model": {
          "type": "model",
          "model": "item/player_head/3000"
        }
      },
      {
        "threshold": 3001,
        "model": {
          "type": "model",
          "model": "item/player_head/3001"
        }
      },
      {
        "threshold": 3002,
        "model": {
          "type": "model",
          "model": "item/player_head/3002"
        }
      }
    ]
  }
}