{
  "model": {
    "type": "range_dispatch",
    "property": "custom_model_data",
    "index": 0,
    "fallback": {
      "type": "model",
      "model": "item/egg"
    },
    "entries": [
      {
        "threshold": 0,
        "model": {
          "type": "model",
          "model": "item/egg"
        }
      },
      {
        "threshold": 50,
        "model": {
          "type": "model",
          "model": "item/egg/50"
        }
      },
      {
        "threshold": 51,
        "model": {
          "type": "model",
          "model": "item/egg/51"
        }
      },
      {
        "threshold": 889,
        "model": {
          "type": "model",
          "model": "item/egg/889"
        }
      }
    ]
  }
}