{
  "model": {
    "type": "range_dispatch",
    "property": "custom_model_data",
    "index": 0,
    "fallback": {
      "type": "model",
      "model": "item/enchanted_book"
    },
    "entries": [
      {
        "threshold": 1,
        "model": {
          "type": "model",
          "model": "item/enchanted_book/1"
        }
      },
      {
        "threshold": 2,
        "model": {
          "type": "model",
          "model": "item/enchanted_book/2"
        }
      },
      {
        "threshold": 3,
        "model": {
          "type": "model",
          "model": "item/enchanted_book/3"
        }
      },
      {
        "threshold": 4,
        "model": {
          "type": "model",
          "model": "item/enchanted_book/4"
        }
      },
      {
        "threshold": 5,
        "model": {
          "type": "model",
          "model": "item/enchanted_book/5"
        }
      },
      {
        "threshold": 6,
        "model": {
          "type": "model",
          "model": "item/enchanted_book/6"
        }
      },
      {
        "threshold": 7,
        "model": {
          "type": "model",
          "model": "item/enchanted_book/7"
        }
      },
      {
        "threshold": 8,
        "model": {
          "type": "model",
          "model": "item/enchanted_book/8"
        }
      },
      {
        "threshold": 9,
        "model": {
          "type": "model",
          "model": "item/enchanted_book/9"
        }
      },
      {
        "threshold": 10,
        "model": {
          "type": "model",
          "model": "item/enchanted_book/10"
        }
      },
      {
        "threshold": 11,
        "model": {
          "type": "model",
          "model": "item/enchanted_book/11"
        }
      },
      {
        "threshold": 12,
        "model": {
          "type": "model",
          "model": "item/enchanted_book/12"
        }
      },
      {
        "threshold": 21,
        "model": {
          "type": "model",
          "model": "item/enchanted_book/21"
        }
      },
      {
        "threshold": 22,
        "model": {
          "type": "model",
          "model": "item/enchanted_book/22"
        }
      },
      {
        "threshold": 23,
        "model": {
          "type": "model",
          "model": "item/enchanted_book/23"
        }
      },
      {
        "threshold": 24,
        "model": {
          "type": "model",
          "model": "item/enchanted_book/24"
        }
      }
    ]
  }
}