{
    "model": {
        "type": "range_dispatch",
        "property": "custom_model_data",
        "index": 0,
        "fallback": {
            "type": "minecraft:special",
            "base": "minecraft:item/player_head",
            "model": {
                "type": "minecraft:head",
                "kind": "player"
            }
        },
        "entries": [
            {
                "threshold": 11,
                "model": {
                    "type": "model",
                    "model": "item/player_head/11"
                }
            },
            {
                "threshold": 22,
                "model": {
                    "type": "model",
                    "model": "item/player_head/22"
                }
            },
            {
                "threshold": 33,
                "model": {
                    "type": "model",
                    "model": "item/player_head/33"
                }
            },
            {
                "threshold": 44,
                "model": {
                    "type": "model",
                    "model": "item/player_head/44"
                }
            },
            {
                "threshold": 811,
                "model": {
                    "type": "model",
                    "model": "item/player_head/811"
                }
            },
            {
                "threshold": 1000,
                "model": {
                    "type": "model",
                    "model": "item/player_head/1000"
                }
            },
            {
                "threshold": 1001,
                "model": {
                    "type": "model",
                    "model": "item/player_head/1001"
                }
            },
            {
                "threshold": 1002,
                "model": {
                    "type": "model",
                    "model": "item/player_head/1002"
                }
            },
            {
                "threshold": 1003,
                "model": {
                    "type": "model",
                    "model": "item/player_head/1003"
                }
            },
            {
                "threshold": 1004,
                "model": {
                    "type": "model",
                    "model": "item/player_head/1004"
                }
            },
            {
                "threshold": 1005,
                "model": {
                    "type": "model",
                    "model": "item/player_head/1005"
                }
            },
          {
            "threshold": 3000,
            "model": {
              "type": "model",
              "model": "item/player_head/3000"
            }
          },
          {
            "threshold": 3001,
            "model": {
              "type": "model",
              "model": "item/player_head/3001"
            }
          },
          {
            "threshold": 3002,
            "model": {
              "type": "model",
              "model": "item/player_head/3002"
            }
          },
            {
                "threshold": 4412,
                "model": {
                    "type": "model",
                    "model": "modelengine:jajo1/copper_egg"
                }
            },
            {
                "threshold": 4413,
                "model": {
                    "type": "model",
                    "model": "modelengine:jajo2/iron_egg"
                }
            },
            {
                "threshold": 4414,
                "model": {
                    "type": "model",
                    "model": "modelengine:jajo3/gold_egg"
                }
            }
        ]
    }
}