{
  "model": {
    "type": "range_dispatch",
    "property": "custom_model_data",
    "index": 0,
    "fallback": {
      "type": "model",
      "model": "item/red_wool"
    },
    "entries": [
      {
        "threshold": 1,
        "model": {
          "type": "model",
          "model": "item/custom/chest"
        }
      },
      {
        "threshold": 2,
        "model": {
          "type": "model",
          "model": "item/custom/chest1"
        }
      },
      {
        "threshold": 3,
        "model": {
          "type": "model",
          "model": "item/custom/chest2"
        }
      },
      {
        "threshold": 4,
        "model": {
          "type": "model",
          "model": "item/custom/chest3"
        }
      },
      {
        "threshold": 10,
        "model": {
          "type": "model",
          "model": "item/custom/chest9"
        }
      },
      {
        "threshold": 11,
        "model": {
          "type": "model",
          "model": "item/custom/chest10"
        }
      },
      {
        "threshold": 12,
        "model": {
          "type": "model",
          "model": "item/custom/chest11"
        }
      },
      {
        "threshold": 13,
        "model": {
          "type": "model",
          "model": "item/custom/chest12"
        }
      }
    ]
  }
}