{
  "model": {
    "type": "range_dispatch",
    "property": "custom_model_data",
    "index": 0,
    "fallback": {
      "type": "model",
      "model": "item/tripwire_hook"
    },
    "entries": [
      {
        "threshold": 0,
        "model": {
          "type": "model",
          "model": "item/tripwire_hook/0"
        }
      },
      {
        "threshold": 1,
        "model": {
          "type": "model",
          "model": "item/tripwire_hook/1"
        }
      },
      {
        "threshold": 2,
        "model": {
          "type": "model",
          "model": "item/tripwire_hook/2"
        }
      },
      {
        "threshold": 3,
        "model": {
          "type": "model",
          "model": "item/tripwire_hook/3"
        }
      },
      {
        "threshold": 4,
        "model": {
          "type": "model",
          "model": "item/tripwire_hook/4"
        }
      },
      {
        "threshold": 5,
        "model": {
          "type": "model",
          "model": "item/tripwire_hook/5"
        }
      },
      {
        "threshold": 6,
        "model": {
          "type": "model",
          "model": "item/tripwire_hook/6"
        }
      },
      {
        "threshold": 7,
        "model": {
          "type": "model",
          "model": "item/tripwire_hook/7"
        }
      },
      {
        "threshold": 12,
        "model": {
          "type": "model",
          "model": "item/tripwire_hook/12"
        }
      }
    ]
  }
}